URL,TITLE,TITLE LENGTH,TITLE STATUS,H1-1,H1-1 LENGTH,H1-1 STATUS,FINAL URL,FINAL URL LENGTH,CANONICAL,CANONICAL LENGTH,META DESCRIPTION,META DESCRIPTION LENGTH,META DESCRIPTION STATUS,META KEYWORDS,META KEYWORDS LENGTH,H2-1,H2-1 LENGTH,H2-1 STATUS,NUMBER OF IMAGES,NUMBER OF WITH ALT-TAG,NUMBER OF WITHOUT ALT-TAG,ALT-TAG AVERAGE LENGTH,ALT-TAG MAXIMUM LENGTH,ALT-TAG MINIMUM LENGTH,NUMBER OF ALT-TAGS THAT ARE DUPLICATED,CONTENT TYPE,DATE,HEADERS,HTTP/HTTPS,REDIRECT,REDIRECT TYPE,RESPONSE TIME (MS),STATUS,STATUS CODE
https://nativeenergy.com/aveda-and-eileen-fisher-enable-new-wind-energy-project-at-indiana-school-with-purchase-of-nativeenergy-carbon-offsets1.html,Aveda and EILEEN FISHER Enable New Wind Energy Project at Indiana School with Purchase of NativeEnergy Carbon Offsets,117.0,TOO LONG,"Your Climate Solutions Expert: carbon offsets, renewable energy credits, and carbon tracking services",101.0,GOOD,http://www.nativeenergy.com/aveda-and-eileen-fisher-enable-new-wind-energy-project-at-indiana-school-with-purchase-of-nativeenergy-carbon-offsets.html,150.0,None,-1,,0.0,"BAD, MISSING META","carbon offsets,  carbon emissions, climate change, indigenous peoples, native americans, tribes",95.0,Buy Carbon Offsets,18.0,TOO SHORT,11.0,9.0,2.0,13.444444444444445,45.0,0.0,0.0,text/html; charset=UTF-8,"Thu, 09 Nov 2017 04:10:58 GMT","{'Date': 'Thu, 09 Nov 2017 04:10:58 GMT', 'Server': 'Apache', 'X-Powered-By': 'PHP/5.5.38', 'P3P': 'CP=""NOI NID ADMa OUR IND UNI COM NAV""', 'Cache-Control': 'private, must-revalidate', 'Set-Cookie': 'evo1mb1hmf=f0f8526486bf13945d99b8477902569b; path=/; httponly', 'Keep-Alive': 'timeout=5, max=99', 'Connection': 'Keep-Alive', 'Transfer-Encoding': 'chunked', 'Content-Type': 'text/html; charset=UTF-8'}",HTTP,False,NONE,448.766,OK,200.0
https://nativeenergy.com/designtex-helps-fund-reforestation-project.html,Designtex Helps Fund Reforestation Project: Apple orchard to support urban food shelves,87.0,TOO LONG,"Your Climate Solutions Expert: carbon offsets, renewable energy credits, and carbon tracking services",101.0,GOOD,http://www.nativeenergy.com/oka-title-here.html,47.0,None,-1,google,6.0,TOO SHORT,"world waterday,  clean water,  carbon offsets,  climate change",62.0,Buy Carbon Offsets,18.0,TOO SHORT,12.0,9.0,3.0,13.444444444444445,45.0,0.0,0.0,text/html; charset=UTF-8,"Thu, 09 Nov 2017 04:12:40 GMT","{'Date': 'Thu, 09 Nov 2017 04:12:40 GMT', 'Server': 'Apache', 'X-Powered-By': 'PHP/5.5.38', 'P3P': 'CP=""NOI NID ADMa OUR IND UNI COM NAV""', 'Cache-Control': 'private, must-revalidate', 'Set-Cookie': 'evo1mb1hmf=a607160a3ec928aef80af7c0476e503a; path=/; httponly', 'Keep-Alive': 'timeout=5, max=99', 'Connection': 'Keep-Alive', 'Transfer-Encoding': 'chunked', 'Content-Type': 'text/html; charset=UTF-8'}",HTTP,False,NONE,472.473,OK,200.0
https://nativeenergy.com/olympic-gold-medalist-hannah-kearney-offsets-training-emissions-with-nativeenergy.html,Olympic Gold Medalist Hannah Kearney Offsets Training Emissions with NativeEnergy,81.0,TOO LONG,"Your Climate Solutions Expert: carbon offsets, renewable energy credits, and carbon tracking services",101.0,GOOD,http://www.nativeenergy.com/press-release-olympic-gold-medalist-hannah-kearney-offsets-training-emissions-with-nativeenergy.html,128.0,None,-1,,0.0,"BAD, MISSING META","carbon offsets,  carbon emissions, climate change, indigenous peoples, native americans, tribes",95.0,Buy Carbon Offsets,18.0,TOO SHORT,10.0,9.0,1.0,13.444444444444445,45.0,0.0,0.0,text/html; charset=UTF-8,"Thu, 09 Nov 2017 04:11:27 GMT","{'Date': 'Thu, 09 Nov 2017 04:11:27 GMT', 'Server': 'Apache', 'X-Powered-By': 'PHP/5.5.38', 'P3P': 'CP=""NOI NID ADMa OUR IND UNI COM NAV""', 'Cache-Control': 'private, must-revalidate', 'Set-Cookie': 'evo1mb1hmf=a349f0db4031d4c84e262c0997e18829; path=/; httponly', 'Keep-Alive': 'timeout=5, max=99', 'Connection': 'Keep-Alive', 'Transfer-Encoding': 'chunked', 'Content-Type': 'text/html; charset=UTF-8'}",HTTP,False,NONE,444.361,OK,200.0
https://nativeenergy.com/nativeenergy-carbon-offset-report-for-sustainable-brands-20131.html,NativeEnergy Carbon Offset Report for Sustainable Brands 2013 | NativeEnergy Blog,81.0,TOO LONG,"Your Climate Solutions Expert: carbon offsets, renewable energy credits, and carbon tracking services",101.0,GOOD,http://www.nativeenergy.com/nativeenergy-carbon-offset-report-for-sustainable-brands-2013.html,94.0,None,-1,google,6.0,TOO SHORT,"carbon offsets,  carbon offsets for business,,  carbon footprint,  carbon project",81.0,Buy Carbon Offsets,18.0,TOO SHORT,12.0,9.0,3.0,13.444444444444445,45.0,0.0,0.0,text/html; charset=UTF-8,"Thu, 09 Nov 2017 04:11:11 GMT","{'Date': 'Thu, 09 Nov 2017 04:11:11 GMT', 'Server': 'Apache', 'X-Powered-By': 'PHP/5.5.38', 'P3P': 'CP=""NOI NID ADMa OUR IND UNI COM NAV""', 'Cache-Control': 'private, must-revalidate', 'Set-Cookie': 'evo1mb1hmf=6679f471391298341478b824356efe2f; path=/; httponly', 'Keep-Alive': 'timeout=5, max=99', 'Connection': 'Keep-Alive', 'Transfer-Encoding': 'chunked', 'Content-Type': 'text/html; charset=UTF-8'}",HTTP,False,NONE,486.132,OK,200.0
https://nativeenergy.com/supply-chain-sustainability-in-action-ben-jerrys-linked-prosperity1.html,Supply Chain Sustainability in Action: Ben & Jerry’s Linked Prosperity,70.0,LONG,"Your Climate Solutions Expert: carbon offsets, renewable energy credits, and carbon tracking services",101.0,GOOD,http://www.nativeenergy.com/supply-chain-sustainability-in-action-ben-jerrys-linked-prosperity.html,99.0,None,-1,google,6.0,TOO SHORT,"world waterday,  clean water,  carbon offsets,  climate change",62.0,Buy Carbon Offsets,18.0,TOO SHORT,11.0,9.0,2.0,13.444444444444445,45.0,0.0,0.0,text/html; charset=UTF-8,"Thu, 09 Nov 2017 04:11:41 GMT","{'Date': 'Thu, 09 Nov 2017 04:11:41 GMT', 'Server': 'Apache', 'X-Powered-By': 'PHP/5.5.38', 'P3P': 'CP=""NOI NID ADMa OUR IND UNI COM NAV""', 'Cache-Control': 'private, must-revalidate', 'Set-Cookie': 'evo1mb1hmf=63afa1e31d4ab307fa7873687e2580ed; path=/; httponly', 'Keep-Alive': 'timeout=5, max=99', 'Connection': 'Keep-Alive', 'Transfer-Encoding': 'chunked', 'Content-Type': 'text/html; charset=UTF-8'}",HTTP,False,NONE,482.352,OK,200.0
https://nativeenergy.com/nativeenergy-announces-acquisition-of-assets-of-sunone-solutions1.html,NativeEnergy Announces Acquisition of Assets of SunOne Solutions,64.0,LONG,"Your Climate Solutions Expert: carbon offsets, renewable energy credits, and carbon tracking services",101.0,GOOD,http://www.nativeenergy.com/nativeenergy-announces-acquisition-of-assets-of-sunone-solutions.html,97.0,None,-1,,0.0,"BAD, MISSING META","carbon offsets,  carbon emissions, climate change, indigenous peoples, native americans, tribes",95.0,Buy Carbon Offsets,18.0,TOO SHORT,10.0,9.0,1.0,13.444444444444445,45.0,0.0,0.0,text/html; charset=UTF-8,"Thu, 09 Nov 2017 04:13:30 GMT","{'Date': 'Thu, 09 Nov 2017 04:13:30 GMT', 'Server': 'Apache', 'X-Powered-By': 'PHP/5.5.38', 'P3P': 'CP=""NOI NID ADMa OUR IND UNI COM NAV""', 'Cache-Control': 'private, must-revalidate', 'Set-Cookie': 'evo1mb1hmf=7b1d50997f625907ff8e23ec0f9f11ad; path=/; httponly', 'Keep-Alive': 'timeout=5, max=99', 'Connection': 'Keep-Alive', 'Transfer-Encoding': 'chunked', 'Content-Type': 'text/html; charset=UTF-8'}",HTTP,False,NONE,469.491,OK,200.0
https://nativeenergy.com/jeff-bernicke-named-ceo-of-nativeenergy.html,Press Release: Jeff Bernicke Named CEO of NativeEnergy,54.0,GOOD,"Your Climate Solutions Expert: carbon offsets, renewable energy credits, and carbon tracking services",101.0,GOOD,http://www.nativeenergy.com/press-release-jeff-bernicke-named-ceo-of-nativeenergy.html,86.0,None,-1,,0.0,"BAD, MISSING META","carbon offsets,  carbon emissions, climate change, indigenous peoples, native americans, tribes",95.0,Buy Carbon Offsets,18.0,TOO SHORT,10.0,9.0,1.0,13.444444444444445,45.0,0.0,0.0,text/html; charset=UTF-8,"Thu, 09 Nov 2017 04:12:34 GMT","{'Date': 'Thu, 09 Nov 2017 04:12:34 GMT', 'Server': 'Apache', 'X-Powered-By': 'PHP/5.5.38', 'P3P': 'CP=""NOI NID ADMa OUR IND UNI COM NAV""', 'Cache-Control': 'private, must-revalidate', 'Set-Cookie': 'evo1mb1hmf=fc9ea2f0724663e36797325170e434eb; path=/; httponly', 'Keep-Alive': 'timeout=5, max=99', 'Connection': 'Keep-Alive', 'Transfer-Encoding': 'chunked', 'Content-Type': 'text/html; charset=UTF-8'}",HTTP,False,NONE,444.052,OK,200.0
https://nativeenergy.com/5-last-minute-green-holiday-gifts1.html,5 Last Minute Green Holiday Gifts | NativeEnergy Blog,53.0,GOOD,"Your Climate Solutions Expert: carbon offsets, renewable energy credits, and carbon tracking services",101.0,GOOD,http://www.nativeenergy.com/5-last-minute-green-holiday-gifts.html,66.0,None,-1,google,6.0,TOO SHORT,"carbon offsets,  carbon offsets for business,  greensburg wind farm,  greensburg,  stonyfield,  green mountain coffee,  reverb,  greensburg greentown,  tornado,  greensburg,  kansas,  greensburg ka,  greenest town in america",224.0,Buy Carbon Offsets,18.0,TOO SHORT,12.0,9.0,3.0,13.444444444444445,45.0,0.0,0.0,text/html; charset=UTF-8,"Thu, 09 Nov 2017 04:13:12 GMT","{'Date': 'Thu, 09 Nov 2017 04:13:12 GMT', 'Server': 'Apache', 'X-Powered-By': 'PHP/5.5.38', 'P3P': 'CP=""NOI NID ADMa OUR IND UNI COM NAV""', 'Cache-Control': 'private, must-revalidate', 'Set-Cookie': 'evo1mb1hmf=49ba7dd4701a6498b90aa04ffa352e30; path=/; httponly', 'Keep-Alive': 'timeout=5, max=99', 'Connection': 'Keep-Alive', 'Transfer-Encoding': 'chunked', 'Content-Type': 'text/html; charset=UTF-8'}",HTTP,False,NONE,470.128,OK,200.0
https://nativeenergy.com/psp.html,Project Supporters Made a Difference | NativeEnergy,51.0,GOOD,"Your Climate Solutions Expert: carbon offsets, renewable energy credits, and carbon tracking services",101.0,GOOD,http://www.nativeenergy.com/psp.html,36.0,None,-1,,0.0,"BAD, MISSING META",,0.0,Buy Carbon Offsets,18.0,TOO SHORT,24.0,19.0,5.0,12.31578947368421,45.0,0.0,6.0,text/html; charset=UTF-8,"Thu, 09 Nov 2017 04:12:29 GMT","{'Date': 'Thu, 09 Nov 2017 04:12:29 GMT', 'Server': 'Apache', 'X-Powered-By': 'PHP/5.5.38', 'P3P': 'CP=""NOI NID ADMa OUR IND UNI COM NAV""', 'Cache-Control': 'private, must-revalidate', 'Set-Cookie': 'evo1mb1hmf=894639114f60e0e0ae1441da7aa1f35b; path=/, evo1mb1hmf=894639114f60e0e0ae1441da7aa1f35b; path=/; httponly', 'Keep-Alive': 'timeout=5, max=100', 'Connection': 'Keep-Alive', 'Transfer-Encoding': 'chunked', 'Content-Type': 'text/html; charset=UTF-8'}",HTTP,False,NONE,704.445,OK,200.0
https://nativeenergy.com/sustainable-brands-14-conference-our-take-away1.html,Sustainable Brands ’14 Conference: Our Take-Away,48.0,SHORT,"Your Climate Solutions Expert: carbon offsets, renewable energy credits, and carbon tracking services",101.0,GOOD,http://www.nativeenergy.com/sustainable-brands-14-conference-our-take-away.html,79.0,None,-1,google,6.0,TOO SHORT,"SB 14, Events. Conferences",26.0,Buy Carbon Offsets,18.0,TOO SHORT,11.0,9.0,2.0,13.444444444444445,45.0,0.0,0.0,text/html; charset=UTF-8,"Thu, 09 Nov 2017 04:12:54 GMT","{'Date': 'Thu, 09 Nov 2017 04:12:54 GMT', 'Server': 'Apache', 'X-Powered-By': 'PHP/5.5.38', 'P3P': 'CP=""NOI NID ADMa OUR IND UNI COM NAV""', 'Cache-Control': 'private, must-revalidate', 'Set-Cookie': 'evo1mb1hmf=984a8b81886a10ad92408fa5c0735c4e; path=/; httponly', 'Keep-Alive': 'timeout=5, max=99', 'Connection': 'Keep-Alive', 'Transfer-Encoding': 'chunked', 'Content-Type': 'text/html; charset=UTF-8'}",HTTP,False,NONE,463.261,OK,200.0
https://nativeenergy.com/for-project-developers.html,For Project Developers + Owners | NativeEnergy,46.0,SHORT,"Your Climate Solutions Expert: carbon offsets, renewable energy credits, and carbon tracking services",101.0,GOOD,http://www.nativeenergy.com/for-project-developers.html,55.0,None,-1,"Whether you are planning to sell carbon credits or seeking expertise about the carbon market, NativeEnergy can help you meet your project development goals.",156.0,GOOD,"sell carbon credits,  carbon project, renewable energy consulting",65.0,Buy Carbon Offsets,18.0,TOO SHORT,10.0,9.0,1.0,13.444444444444445,45.0,0.0,0.0,text/html; charset=UTF-8,"Thu, 09 Nov 2017 04:11:06 GMT","{'Date': 'Thu, 09 Nov 2017 04:11:06 GMT', 'Server': 'Apache', 'X-Powered-By': 'PHP/5.5.38', 'P3P': 'CP=""NOI NID ADMa OUR IND UNI COM NAV""', 'Cache-Control': 'private, must-revalidate', 'Set-Cookie': 'evo1mb1hmf=e5c1f23a4234a477477f0d214cacd022; path=/, evo1mb1hmf=e5c1f23a4234a477477f0d214cacd022; path=/; httponly', 'Keep-Alive': 'timeout=5, max=100', 'Connection': 'Keep-Alive', 'Transfer-Encoding': 'chunked', 'Content-Type': 'text/html; charset=UTF-8'}",HTTP,False,NONE,718.781,OK,200.0
https://nativeenergy.com/shenandoah-school-wind-project.html,Shenandoah School Wind Project | NativeEnergy,45.0,SHORT,"Your Climate Solutions Expert: carbon offsets, renewable energy credits, and carbon tracking services",101.0,GOOD,http://www.nativeenergy.com/shenandoah-school-wind-project.html,63.0,None,-1,,0.0,"BAD, MISSING META",,0.0,Buy Carbon Offsets,18.0,TOO SHORT,22.0,21.0,1.0,10.714285714285714,55.0,0.0,4.0,text/html; charset=UTF-8,"Thu, 09 Nov 2017 04:12:14 GMT","{'Date': 'Thu, 09 Nov 2017 04:12:14 GMT', 'Server': 'Apache', 'X-Powered-By': 'PHP/5.5.38', 'P3P': 'CP=""NOI NID ADMa OUR IND UNI COM NAV""', 'Cache-Control': 'private, must-revalidate', 'Set-Cookie': 'evo1mb1hmf=6091c8bda020d61bea68d4155e59f530; path=/, evo1mb1hmf=6091c8bda020d61bea68d4155e59f530; path=/; httponly', 'Keep-Alive': 'timeout=5, max=100', 'Connection': 'Keep-Alive', 'Transfer-Encoding': 'chunked', 'Content-Type': 'text/html; charset=UTF-8'}",HTTP,False,NONE,736.712,OK,200.0
https://nativeenergy.com/#newsletter-lightbox,NativeEnergy | Your Climate Solutions Expert,44.0,SHORT,"Your Climate Solutions Expert: carbon offsets, renewable energy credits, and carbon tracking services",101.0,GOOD,http://www.nativeenergy.com/,28.0,None,-1,"NativeEnergy is an expert provider of carbon offsets, renewable energy credits, and carbon accounting software. We help businesses and individuals identify and reduce their greenhouse gas pollution and attain their sustainability goals. ",237.0,TOO LONG,"nativeenergy, native energy,  carbon offsets, carbon credits, carbon project, carbon calculator, carbon footprint, carbon products",130.0,Buy Carbon Offsets,18.0,TOO SHORT,58.0,56.0,2.0,6.517857142857143,45.0,0.0,26.0,text/html; charset=UTF-8,"Thu, 09 Nov 2017 04:13:22 GMT","{'Date': 'Thu, 09 Nov 2017 04:13:22 GMT', 'Server': 'Apache', 'X-Powered-By': 'PHP/5.5.38', 'P3P': 'CP=""NOI NID ADMa OUR IND UNI COM NAV""', 'Cache-Control': 'private, must-revalidate', 'Set-Cookie': 'evo1mb1hmf=9fbe4c02ffbf3c76e44fd64aaa9bbcf8; path=/, evo1mb1hmf=9fbe4c02ffbf3c76e44fd64aaa9bbcf8; path=/; httponly', 'Keep-Alive': 'timeout=5, max=100', 'Connection': 'Keep-Alive', 'Transfer-Encoding': 'chunked', 'Content-Type': 'text/html; charset=UTF-8'}",HTTP,False,NONE,761.073,OK,200.0
https://nativeenergy.com/#contact-lightbox,NativeEnergy | Your Climate Solutions Expert,44.0,SHORT,"Your Climate Solutions Expert: carbon offsets, renewable energy credits, and carbon tracking services",101.0,GOOD,http://www.nativeenergy.com/,28.0,None,-1,"NativeEnergy is an expert provider of carbon offsets, renewable energy credits, and carbon accounting software. We help businesses and individuals identify and reduce their greenhouse gas pollution and attain their sustainability goals. ",237.0,TOO LONG,"nativeenergy, native energy,  carbon offsets, carbon credits, carbon project, carbon calculator, carbon footprint, carbon products",130.0,Buy Carbon Offsets,18.0,TOO SHORT,58.0,56.0,2.0,6.517857142857143,45.0,0.0,26.0,text/html; charset=UTF-8,"Thu, 09 Nov 2017 04:13:14 GMT","{'Date': 'Thu, 09 Nov 2017 04:13:14 GMT', 'Server': 'Apache', 'X-Powered-By': 'PHP/5.5.38', 'P3P': 'CP=""NOI NID ADMa OUR IND UNI COM NAV""', 'Cache-Control': 'private, must-revalidate', 'Set-Cookie': 'evo1mb1hmf=e5f5e88d161d7b372899e31c645f10d1; path=/, evo1mb1hmf=e5f5e88d161d7b372899e31c645f10d1; path=/; httponly', 'Keep-Alive': 'timeout=5, max=100', 'Connection': 'Keep-Alive', 'Transfer-Encoding': 'chunked', 'Content-Type': 'text/html; charset=UTF-8'}",HTTP,False,NONE,738.085,OK,200.0
https://nativeenergy.com/#,NativeEnergy | Your Climate Solutions Expert,44.0,SHORT,"Your Climate Solutions Expert: carbon offsets, renewable energy credits, and carbon tracking services",101.0,GOOD,http://www.nativeenergy.com/,28.0,None,-1,"NativeEnergy is an expert provider of carbon offsets, renewable energy credits, and carbon accounting software. We help businesses and individuals identify and reduce their greenhouse gas pollution and attain their sustainability goals. ",237.0,TOO LONG,"nativeenergy, native energy,  carbon offsets, carbon credits, carbon project, carbon calculator, carbon footprint, carbon products",130.0,Buy Carbon Offsets,18.0,TOO SHORT,58.0,56.0,2.0,6.517857142857143,45.0,0.0,26.0,text/html; charset=UTF-8,"Thu, 09 Nov 2017 04:11:51 GMT","{'Date': 'Thu, 09 Nov 2017 04:11:51 GMT', 'Server': 'Apache', 'X-Powered-By': 'PHP/5.5.38', 'P3P': 'CP=""NOI NID ADMa OUR IND UNI COM NAV""', 'Cache-Control': 'private, must-revalidate', 'Set-Cookie': 'evo1mb1hmf=df23565ef69b9ec431de193c2d2c40ce; path=/, evo1mb1hmf=df23565ef69b9ec431de193c2d2c40ce; path=/; httponly', 'Keep-Alive': 'timeout=5, max=100', 'Connection': 'Keep-Alive', 'Transfer-Encoding': 'chunked', 'Content-Type': 'text/html; charset=UTF-8'}",HTTP,False,NONE,760.316,OK,200.0
https://nativeenergy.com/,NativeEnergy | Your Climate Solutions Expert,44.0,SHORT,"Your Climate Solutions Expert: carbon offsets, renewable energy credits, and carbon tracking services",101.0,GOOD,http://www.nativeenergy.com/,28.0,None,-1,"NativeEnergy is an expert provider of carbon offsets, renewable energy credits, and carbon accounting software. We help businesses and individuals identify and reduce their greenhouse gas pollution and attain their sustainability goals. ",237.0,TOO LONG,"nativeenergy, native energy,  carbon offsets, carbon credits, carbon project, carbon calculator, carbon footprint, carbon products",130.0,Buy Carbon Offsets,18.0,TOO SHORT,58.0,56.0,2.0,6.517857142857143,45.0,0.0,26.0,text/html; charset=UTF-8,"Thu, 09 Nov 2017 04:10:42 GMT","{'Date': 'Thu, 09 Nov 2017 04:10:42 GMT', 'Server': 'Apache', 'X-Powered-By': 'PHP/5.5.38', 'P3P': 'CP=""NOI NID ADMa OUR IND UNI COM NAV""', 'Cache-Control': 'private, must-revalidate', 'Set-Cookie': 'evo1mb1hmf=497e6bb5b9fd582fb6dc2814f8d5e5eb; path=/, evo1mb1hmf=497e6bb5b9fd582fb6dc2814f8d5e5eb; path=/; httponly', 'Keep-Alive': 'timeout=5, max=100', 'Connection': 'Keep-Alive', 'Transfer-Encoding': 'chunked', 'Content-Type': 'text/html; charset=UTF-8'}",HTTP,False,NONE,752.193,OK,200.0
https://nativeenergy.com/home.html,NativeEnergy | Your Climate Solutions Expert,44.0,SHORT,"Your Climate Solutions Expert: carbon offsets, renewable energy credits, and carbon tracking services",101.0,GOOD,http://www.nativeenergy.com/home.html,37.0,None,-1,"NativeEnergy is an expert provider of carbon offsets, renewable energy credits, and carbon accounting software. We help businesses and individuals identify and reduce their greenhouse gas pollution and attain their sustainability goals. ",237.0,TOO LONG,"nativeenergy, native energy,  carbon offsets, carbon credits, carbon project, carbon calculator, carbon footprint, carbon products",130.0,Buy Carbon Offsets,18.0,TOO SHORT,58.0,56.0,2.0,6.517857142857143,45.0,0.0,26.0,text/html; charset=UTF-8,"Thu, 09 Nov 2017 04:13:52 GMT","{'Date': 'Thu, 09 Nov 2017 04:13:52 GMT', 'Server': 'Apache', 'X-Powered-By': 'PHP/5.5.38', 'P3P': 'CP=""NOI NID ADMa OUR IND UNI COM NAV""', 'Cache-Control': 'private, must-revalidate', 'Set-Cookie': 'evo1mb1hmf=26b58d0dc6713c69a694311fc1d6f8bf; path=/, evo1mb1hmf=26b58d0dc6713c69a694311fc1d6f8bf; path=/; httponly', 'Keep-Alive': 'timeout=5, max=100', 'Connection': 'Keep-Alive', 'Transfer-Encoding': 'chunked', 'Content-Type': 'text/html; charset=UTF-8'}",HTTP,False,NONE,740.657,OK,200.0
https://nativeenergy.com/56.html,NativeEnergy | Your Climate Solutions Expert,44.0,SHORT,"Your Climate Solutions Expert: carbon offsets, renewable energy credits, and carbon tracking services",101.0,GOOD,http://www.nativeenergy.com,27.0,None,-1,"NativeEnergy is an expert provider of carbon offsets, renewable energy credits, and carbon accounting software. We help businesses and individuals identify and reduce their greenhouse gas pollution and attain their sustainability goals. ",237.0,TOO LONG,"nativeenergy, native energy,  carbon offsets, carbon credits, carbon project, carbon calculator, carbon footprint, carbon products",130.0,Buy Carbon Offsets,18.0,TOO SHORT,58.0,56.0,2.0,6.517857142857143,45.0,0.0,26.0,text/html; charset=UTF-8,"Thu, 09 Nov 2017 04:10:50 GMT","{'Date': 'Thu, 09 Nov 2017 04:10:50 GMT', 'Server': 'Apache', 'X-Powered-By': 'PHP/5.5.38', 'P3P': 'CP=""NOI NID ADMa OUR IND UNI COM NAV""', 'Cache-Control': 'private, must-revalidate', 'Set-Cookie': 'evo1mb1hmf=c42b97dd3a5a5621070ea75b7dc2a09d; path=/, evo1mb1hmf=c42b97dd3a5a5621070ea75b7dc2a09d; path=/; httponly', 'Keep-Alive': 'timeout=5, max=100', 'Connection': 'Keep-Alive', 'Transfer-Encoding': 'chunked', 'Content-Type': 'text/html; charset=UTF-8'}",HTTP,False,NONE,738.884,OK,200.0
https://nativeenergy.com/ethiopia-clean-water-project.html,Ethiopia Clean Water Project | NativeEnergy,43.0,SHORT,"Your Climate Solutions Expert: carbon offsets, renewable energy credits, and carbon tracking services",101.0,GOOD,http://www.nativeenergy.com/ethiopia-clean-water-project.html,61.0,None,-1,,0.0,"BAD, MISSING META",,0.0,Buy Carbon Offsets,18.0,TOO SHORT,21.0,16.0,5.0,8.6875,45.0,0.0,1.0,text/html; charset=UTF-8,"Thu, 09 Nov 2017 04:11:22 GMT","{'Date': 'Thu, 09 Nov 2017 04:11:22 GMT', 'Server': 'Apache', 'X-Powered-By': 'PHP/5.5.38', 'P3P': 'CP=""NOI NID ADMa OUR IND UNI COM NAV""', 'Cache-Control': 'private, must-revalidate', 'Set-Cookie': 'evo1mb1hmf=542ca390503c2ebef4b6f1d28cfba86a; path=/, evo1mb1hmf=542ca390503c2ebef4b6f1d28cfba86a; path=/; httponly', 'Keep-Alive': 'timeout=5, max=100', 'Connection': 'Keep-Alive', 'Transfer-Encoding': 'chunked', 'Content-Type': 'text/html; charset=UTF-8'}",HTTP,False,NONE,745.706,OK,200.0
https://nativeenergy.com/help-build-project-portfolio.html,Help Build™ Carbon Projects | NativeEnergy,42.0,SHORT,"Your Climate Solutions Expert: carbon offsets, renewable energy credits, and carbon tracking services",101.0,GOOD,http://www.nativeenergy.com/help-build-project-portfolio.html,61.0,None,-1,"NativeEnergy's Help Build™ carbon offsets provide upfront funding for new carbon projects. Since 2000, our customers have helped build over 50 projects with exceptional social and environmental benefits. ",204.0,TOO LONG,carbon project,14.0,Buy Carbon Offsets,18.0,TOO SHORT,24.0,16.0,8.0,7.5625,45.0,0.0,7.0,text/html; charset=UTF-8,"Thu, 09 Nov 2017 04:12:48 GMT","{'Date': 'Thu, 09 Nov 2017 04:12:48 GMT', 'Server': 'Apache', 'X-Powered-By': 'PHP/5.5.38', 'P3P': 'CP=""NOI NID ADMa OUR IND UNI COM NAV""', 'Cache-Control': 'private, must-revalidate', 'Set-Cookie': 'evo1mb1hmf=42248d00bd89b5655dc6a931424dc29f; path=/, evo1mb1hmf=42248d00bd89b5655dc6a931424dc29f; path=/; httponly', 'Keep-Alive': 'timeout=5, max=100', 'Connection': 'Keep-Alive', 'Transfer-Encoding': 'chunked', 'Content-Type': 'text/html; charset=UTF-8'}",HTTP,False,NONE,698.337,OK,200.0
https://nativeenergy.com/help-build.html,Help Build™ Carbon Offsets | NativeEnergy,41.0,SHORT,"Your Climate Solutions Expert: carbon offsets, renewable energy credits, and carbon tracking services",101.0,GOOD,http://www.nativeenergy.com/help-build.html,43.0,None,-1,"Reduce your business’s greenhouse gas emissions
by helping build projects that benefit local communities.",106.0,GOOD,"carbon offsets, carbon offsets for business",43.0,Buy Carbon Offsets,18.0,TOO SHORT,14.0,10.0,4.0,12.1,45.0,0.0,1.0,text/html; charset=UTF-8,"Thu, 09 Nov 2017 04:11:24 GMT","{'Date': 'Thu, 09 Nov 2017 04:11:24 GMT', 'Server': 'Apache', 'X-Powered-By': 'PHP/5.5.38', 'P3P': 'CP=""NOI NID ADMa OUR IND UNI COM NAV""', 'Cache-Control': 'private, must-revalidate', 'Set-Cookie': 'evo1mb1hmf=e452534b265b8a458c8142bdf164b972; path=/, evo1mb1hmf=e452534b265b8a458c8142bdf164b972; path=/; httponly', 'Keep-Alive': 'timeout=5, max=100', 'Connection': 'Keep-Alive', 'Transfer-Encoding': 'chunked', 'Content-Type': 'text/html; charset=UTF-8'}",HTTP,False,NONE,724.023,OK,200.0
https://nativeenergy.com/how-carbon-offsets-work.html,How Carbon Offsets Work | NativeEnergy,38.0,SHORT,"Your Climate Solutions Expert: carbon offsets, renewable energy credits, and carbon tracking services",101.0,GOOD,http://www.nativeenergy.com/how-carbon-offsets-work.html,56.0,None,-1,A carbon offset is a reduction in greenhouse gas emissions that is not required by law and would not have happened without financial support from the carbon offset market.,171.0,TOO LONG,"carbon offsets,  reduce carbon footprint,  carbon footprint",59.0,Buy Carbon Offsets,18.0,TOO SHORT,13.0,10.0,3.0,12.1,45.0,0.0,1.0,text/html; charset=UTF-8,"Thu, 09 Nov 2017 04:13:48 GMT","{'Date': 'Thu, 09 Nov 2017 04:13:48 GMT', 'Server': 'Apache', 'X-Powered-By': 'PHP/5.5.38', 'P3P': 'CP=""NOI NID ADMa OUR IND UNI COM NAV""', 'Cache-Control': 'private, must-revalidate', 'Set-Cookie': 'evo1mb1hmf=2399dd78af08e691cb6b02dd08fec39b; path=/, evo1mb1hmf=2399dd78af08e691cb6b02dd08fec39b; path=/; httponly', 'Keep-Alive': 'timeout=5, max=100', 'Connection': 'Keep-Alive', 'Transfer-Encoding': 'chunked', 'Content-Type': 'text/html; charset=UTF-8'}",HTTP,False,NONE,718.176,OK,200.0
https://nativeenergy.com/world-water-day-is-saturday-march-221.html,World Water Day is Saturday March 22!,37.0,SHORT,"Your Climate Solutions Expert: carbon offsets, renewable energy credits, and carbon tracking services",101.0,GOOD,http://www.nativeenergy.com/world-water-day-is-saturday-march-22.html,69.0,None,-1,google,6.0,TOO SHORT,"world waterday,  clean water,  carbon offsets,  climate change",62.0,Buy Carbon Offsets,18.0,TOO SHORT,13.0,9.0,4.0,13.444444444444445,45.0,0.0,0.0,text/html; charset=UTF-8,"Thu, 09 Nov 2017 04:11:01 GMT","{'Date': 'Thu, 09 Nov 2017 04:11:01 GMT', 'Server': 'Apache', 'X-Powered-By': 'PHP/5.5.38', 'P3P': 'CP=""NOI NID ADMa OUR IND UNI COM NAV""', 'Cache-Control': 'private, must-revalidate', 'Set-Cookie': 'evo1mb1hmf=aab07ef20e49a528b32712f02fabb9b4; path=/; httponly', 'Keep-Alive': 'timeout=5, max=99', 'Connection': 'Keep-Alive', 'Transfer-Encoding': 'chunked', 'Content-Type': 'text/html; charset=UTF-8'}",HTTP,False,NONE,496.82,OK,200.0
https://nativeenergy.com/farm-methane-reduction1.html,Farm Methane Reduction | NativeEnergy,37.0,SHORT,"Your Climate Solutions Expert: carbon offsets, renewable energy credits, and carbon tracking services",101.0,GOOD,http://www.nativeenergy.com/farm-methane-reduction1.html,56.0,None,-1,,0.0,"BAD, MISSING META",,0.0,Buy Carbon Offsets,18.0,TOO SHORT,34.0,21.0,13.0,5.761904761904762,45.0,0.0,12.0,text/html; charset=UTF-8,"Thu, 09 Nov 2017 04:11:56 GMT","{'Date': 'Thu, 09 Nov 2017 04:11:56 GMT', 'Server': 'Apache', 'X-Powered-By': 'PHP/5.5.38', 'P3P': 'CP=""NOI NID ADMa OUR IND UNI COM NAV""', 'Cache-Control': 'private, must-revalidate', 'Set-Cookie': 'evo1mb1hmf=34f6290874c235cf454e6740ed04d920; path=/, evo1mb1hmf=34f6290874c235cf454e6740ed04d920; path=/; httponly', 'Keep-Alive': 'timeout=5, max=100', 'Connection': 'Keep-Alive', 'Transfer-Encoding': 'chunked', 'Content-Type': 'text/html; charset=UTF-8'}",HTTP,False,NONE,728.218,OK,200.0
https://nativeenergy.com/marketing-your-actions.html,Marketing Your Actions | NativeEnergy,37.0,SHORT,"Your Climate Solutions Expert: carbon offsets, renewable energy credits, and carbon tracking services",101.0,GOOD,http://www.nativeenergy.com/marketing-your-actions.html,55.0,None,-1,,0.0,"BAD, MISSING META",,0.0,Buy Carbon Offsets,18.0,TOO SHORT,19.0,16.0,3.0,10.75,45.0,0.0,5.0,text/html; charset=UTF-8,"Thu, 09 Nov 2017 04:10:47 GMT","{'Date': 'Thu, 09 Nov 2017 04:10:47 GMT', 'Server': 'Apache', 'X-Powered-By': 'PHP/5.5.38', 'P3P': 'CP=""NOI NID ADMa OUR IND UNI COM NAV""', 'Cache-Control': 'private, must-revalidate', 'Set-Cookie': 'evo1mb1hmf=7c8a0cabfb39d92a0a1d1b2865e2ee9e; path=/, evo1mb1hmf=7c8a0cabfb39d92a0a1d1b2865e2ee9e; path=/; httponly', 'Keep-Alive': 'timeout=5, max=100', 'Connection': 'Keep-Alive', 'Transfer-Encoding': 'chunked', 'Content-Type': 'text/html; charset=UTF-8'}",HTTP,False,NONE,734.1,OK,200.0
https://nativeenergy.com/custom-built-carbon-projects.html,Custom Carbon Projects | NativeEnergy,37.0,SHORT,"Your Climate Solutions Expert: carbon offsets, renewable energy credits, and carbon tracking services",101.0,GOOD,http://www.nativeenergy.com/custom-built-carbon-projects.html,61.0,None,-1,,0.0,"BAD, MISSING META",,0.0,Buy Carbon Offsets,18.0,TOO SHORT,10.0,9.0,1.0,13.444444444444445,45.0,0.0,0.0,text/html; charset=UTF-8,"Thu, 09 Nov 2017 04:12:43 GMT","{'Date': 'Thu, 09 Nov 2017 04:12:43 GMT', 'Server': 'Apache', 'X-Powered-By': 'PHP/5.5.38', 'P3P': 'CP=""NOI NID ADMa OUR IND UNI COM NAV""', 'Cache-Control': 'private, must-revalidate', 'Set-Cookie': 'evo1mb1hmf=4eaa55abeb0cf4ca38fdfbe8338defe8; path=/, evo1mb1hmf=4eaa55abeb0cf4ca38fdfbe8338defe8; path=/; httponly', 'Keep-Alive': 'timeout=5, max=100', 'Connection': 'Keep-Alive', 'Transfer-Encoding': 'chunked', 'Content-Type': 'text/html; charset=UTF-8'}",HTTP,False,NONE,716.201,OK,200.0
https://nativeenergy.com/other-carbon-projects.html,Other Carbon Projects | NativeEnergy,36.0,SHORT,"Your Climate Solutions Expert: carbon offsets, renewable energy credits, and carbon tracking services",101.0,GOOD,http://www.nativeenergy.com/other-carbon-projects.html,54.0,None,-1,"We customize carbon offset portfolios for large orders, businesses, and compliance markets",90.0,GOOD,"carbon offsets,  verified carbon offsets,  carbon offsets for business, carbon project, carbon offset projects",110.0,Buy Carbon Offsets,18.0,TOO SHORT,30.0,19.0,11.0,6.368421052631579,45.0,0.0,10.0,text/html; charset=UTF-8,"Thu, 09 Nov 2017 04:12:17 GMT","{'Date': 'Thu, 09 Nov 2017 04:12:17 GMT', 'Server': 'Apache', 'X-Powered-By': 'PHP/5.5.38', 'P3P': 'CP=""NOI NID ADMa OUR IND UNI COM NAV""', 'Cache-Control': 'private, must-revalidate', 'Set-Cookie': 'evo1mb1hmf=73f4aa6ae7236b0a92f9d748781168eb; path=/, evo1mb1hmf=73f4aa6ae7236b0a92f9d748781168eb; path=/; httponly', 'Keep-Alive': 'timeout=5, max=100', 'Connection': 'Keep-Alive', 'Transfer-Encoding': 'chunked', 'Content-Type': 'text/html; charset=UTF-8'}",HTTP,False,NONE,684.801,OK,200.0
https://nativeenergy.com/events-sponsorships.html,Events & Sponsorships | NativeEnergy,36.0,SHORT,"Your Climate Solutions Expert: carbon offsets, renewable energy credits, and carbon tracking services",101.0,GOOD,http://www.nativeenergy.com/events-sponsorships.html,52.0,None,-1,,0.0,"BAD, MISSING META",,0.0,Buy Carbon Offsets,18.0,TOO SHORT,10.0,9.0,1.0,13.444444444444445,45.0,0.0,0.0,text/html; charset=UTF-8,"Thu, 09 Nov 2017 04:13:06 GMT","{'Date': 'Thu, 09 Nov 2017 04:13:06 GMT', 'Server': 'Apache', 'X-Powered-By': 'PHP/5.5.38', 'P3P': 'CP=""NOI NID ADMa OUR IND UNI COM NAV""', 'Cache-Control': 'private, must-revalidate', 'Set-Cookie': 'evo1mb1hmf=3b7dcacb649933921ebbb44750811f51; path=/, evo1mb1hmf=3b7dcacb649933921ebbb44750811f51; path=/; httponly', 'Keep-Alive': 'timeout=5, max=100', 'Connection': 'Keep-Alive', 'Transfer-Encoding': 'chunked', 'Content-Type': 'text/html; charset=UTF-8'}",HTTP,False,NONE,736.309,OK,200.0
https://nativeenergy.com/featured-projects.html,Our Featured Projects | NativeEnergy,36.0,SHORT,"Your Climate Solutions Expert: carbon offsets, renewable energy credits, and carbon tracking services",101.0,GOOD,http://www.nativeenergy.com/featured-projects.html,50.0,None,-1,Reduce your carbon footprint with carbon offsets from these featured projects.,78.0,GOOD,"carbon project, carbon offsets, carbon credits, reduce carbon footprint",71.0,Buy Carbon Offsets,18.0,TOO SHORT,28.0,18.0,10.0,17.22222222222222,45.0,0.0,1.0,text/html; charset=UTF-8,"Thu, 09 Nov 2017 04:11:54 GMT","{'Date': 'Thu, 09 Nov 2017 04:11:54 GMT', 'Server': 'Apache', 'X-Powered-By': 'PHP/5.5.38', 'P3P': 'CP=""NOI NID ADMa OUR IND UNI COM NAV""', 'Cache-Control': 'private, must-revalidate', 'Set-Cookie': 'evo1mb1hmf=5e35764830e650109e60a53436ca6091; path=/, evo1mb1hmf=5e35764830e650109e60a53436ca6091; path=/; httponly', 'Keep-Alive': 'timeout=5, max=100', 'Connection': 'Keep-Alive', 'Transfer-Encoding': 'chunked', 'Content-Type': 'text/html; charset=UTF-8'}",HTTP,False,NONE,730.887,OK,200.0
https://nativeenergy.com/blog.html,The NativeEnergy Blog | NativeEnergy,36.0,SHORT,"Your Climate Solutions Expert: carbon offsets, renewable energy credits, and carbon tracking services",101.0,GOOD,http://www.nativeenergy.com/blog.html,37.0,None,-1,"Project news, green tips, and more from NativeEnergy",52.0,GOOD,green tips,10.0,Buy Carbon Offsets,18.0,TOO SHORT,20.0,10.0,10.0,12.1,45.0,0.0,1.0,text/html; charset=UTF-8,"Thu, 09 Nov 2017 04:12:11 GMT","{'Date': 'Thu, 09 Nov 2017 04:12:11 GMT', 'Server': 'Apache', 'X-Powered-By': 'PHP/5.5.38', 'P3P': 'CP=""NOI NID ADMa OUR IND UNI COM NAV""', 'Cache-Control': 'private, must-revalidate', 'Set-Cookie': 'evo1mb1hmf=2fa15cb59654a8ab0ba03689b888eaf5; path=/, evo1mb1hmf=2fa15cb59654a8ab0ba03689b888eaf5; path=/; httponly', 'Keep-Alive': 'timeout=5, max=100', 'Connection': 'Keep-Alive', 'Transfer-Encoding': 'chunked', 'Content-Type': 'text/html; charset=UTF-8'}",HTTP,False,NONE,819.494,OK,200.0
https://nativeenergy.com/b-corp-certification.html,B Corp Certification | NativeEnergy,35.0,SHORT,"Your Climate Solutions Expert: carbon offsets, renewable energy credits, and carbon tracking services",101.0,GOOD,http://www.nativeenergy.com/b-corp-certification.html,53.0,None,-1,,0.0,"BAD, MISSING META",,0.0,Buy Carbon Offsets,18.0,TOO SHORT,11.0,9.0,2.0,13.444444444444445,45.0,0.0,0.0,text/html; charset=UTF-8,"Thu, 09 Nov 2017 04:11:46 GMT","{'Date': 'Thu, 09 Nov 2017 04:11:46 GMT', 'Server': 'Apache', 'X-Powered-By': 'PHP/5.5.38', 'P3P': 'CP=""NOI NID ADMa OUR IND UNI COM NAV""', 'Cache-Control': 'private, must-revalidate', 'Set-Cookie': 'evo1mb1hmf=3b4c0e0fd5a37ee53d4fd0b2ed89d128; path=/, evo1mb1hmf=3b4c0e0fd5a37ee53d4fd0b2ed89d128; path=/; httponly', 'Keep-Alive': 'timeout=5, max=100', 'Connection': 'Keep-Alive', 'Transfer-Encoding': 'chunked', 'Content-Type': 'text/html; charset=UTF-8'}",HTTP,False,NONE,728.853,OK,200.0
https://nativeenergy.com/cleanwater.html,Clean Water Campaign | NativeEnergy,35.0,SHORT,"Your Climate Solutions Expert: carbon offsets, renewable energy credits, and carbon tracking services",101.0,GOOD,http://www.nativeenergy.com/cleanwater.html,43.0,None,-1,,0.0,"BAD, MISSING META",,0.0,Buy Carbon Offsets,18.0,TOO SHORT,24.0,14.0,10.0,8.642857142857142,45.0,0.0,5.0,text/html; charset=UTF-8,"Thu, 09 Nov 2017 04:12:04 GMT","{'Date': 'Thu, 09 Nov 2017 04:12:04 GMT', 'Server': 'Apache', 'X-Powered-By': 'PHP/5.5.38', 'P3P': 'CP=""NOI NID ADMa OUR IND UNI COM NAV""', 'Cache-Control': 'private, must-revalidate', 'Set-Cookie': 'evo1mb1hmf=a0f68e569f3e3fe464c5f3fb2c13d981; path=/, evo1mb1hmf=a0f68e569f3e3fe464c5f3fb2c13d981; path=/; httponly', 'Keep-Alive': 'timeout=5, max=100', 'Connection': 'Keep-Alive', 'Transfer-Encoding': 'chunked', 'Content-Type': 'text/html; charset=UTF-8'}",HTTP,False,NONE,709.968,OK,200.0
https://nativeenergy.com/verified-carbon-offsets.html,Other Carbon Offsets | NativeEnergy,35.0,SHORT,"Your Climate Solutions Expert: carbon offsets, renewable energy credits, and carbon tracking services",101.0,GOOD,http://www.nativeenergy.com/verified-carbon-offsets.html,56.0,None,-1,Address your greenhouse gas emissions with verified carbon offsets from the U.S. and around the world.,102.0,GOOD,"carbon offsets,  carbon offsets for business",44.0,Buy Carbon Offsets,18.0,TOO SHORT,12.0,11.0,1.0,11.0,45.0,0.0,2.0,text/html; charset=UTF-8,"Thu, 09 Nov 2017 04:10:55 GMT","{'Date': 'Thu, 09 Nov 2017 04:10:55 GMT', 'Server': 'Apache', 'X-Powered-By': 'PHP/5.5.38', 'P3P': 'CP=""NOI NID ADMa OUR IND UNI COM NAV""', 'Cache-Control': 'private, must-revalidate', 'Set-Cookie': 'evo1mb1hmf=b2747cc4b5cb0310215ef10fbce9931d; path=/, evo1mb1hmf=b2747cc4b5cb0310215ef10fbce9931d; path=/; httponly', 'Keep-Alive': 'timeout=5, max=100', 'Connection': 'Keep-Alive', 'Transfer-Encoding': 'chunked', 'Content-Type': 'text/html; charset=UTF-8'}",HTTP,False,NONE,722.112,OK,200.0
https://nativeenergy.com/household-carbon-calculator.html,Household Calculator | NativeEnergy,35.0,SHORT,"Your Climate Solutions Expert: carbon offsets, renewable energy credits, and carbon tracking services",101.0,GOOD,http://www.nativeenergy.com/household-carbon-calculator.html,60.0,None,-1,Use this calculator to estimate and reduce your personal carbon footprint. ,75.0,GOOD,"carbon footprint calculator,  carbon footprint,  carbon calculator,  carbon offsets,  reduce greenhouse gas emissions",117.0,Buy Carbon Offsets,18.0,TOO SHORT,12.0,10.0,2.0,12.1,45.0,0.0,1.0,text/html; charset=UTF-8,"Thu, 09 Nov 2017 04:10:45 GMT","{'Date': 'Thu, 09 Nov 2017 04:10:45 GMT', 'Server': 'Apache', 'X-Powered-By': 'PHP/5.5.38', 'P3P': 'CP=""NOI NID ADMa OUR IND UNI COM NAV""', 'Cache-Control': 'private, must-revalidate', 'Set-Cookie': 'evo1mb1hmf=57d7e0859800e90bca80129420438255; path=/, evo1mb1hmf=57d7e0859800e90bca80129420438255; path=/; httponly', 'Keep-Alive': 'timeout=5, max=100', 'Connection': 'Keep-Alive', 'Transfer-Encoding': 'chunked', 'Content-Type': 'text/html; charset=UTF-8'}",HTTP,False,NONE,766.121,OK,200.0
https://nativeenergy.com/sustainability-tips.html,Sustainability Tips | NativeEnergy,34.0,SHORT,"Your Climate Solutions Expert: carbon offsets, renewable energy credits, and carbon tracking services",101.0,GOOD,http://www.nativeenergy.com/sustainability-tips.html,52.0,None,-1,The key to reducing your carbon footprint is to limit your energy use. Here are some practical ways to cut your greenhouse gas emissions.,137.0,GOOD,"sustainability tips,  green tips,  reduce carbon footprint",58.0,Buy Carbon Offsets,18.0,TOO SHORT,15.0,14.0,1.0,8.642857142857142,45.0,0.0,5.0,text/html; charset=UTF-8,"Thu, 09 Nov 2017 04:12:24 GMT","{'Date': 'Thu, 09 Nov 2017 04:12:24 GMT', 'Server': 'Apache', 'X-Powered-By': 'PHP/5.5.38', 'P3P': 'CP=""NOI NID ADMa OUR IND UNI COM NAV""', 'Cache-Control': 'private, must-revalidate', 'Set-Cookie': 'evo1mb1hmf=3a0355a0253df30b3d91ae09ffe65a63; path=/, evo1mb1hmf=3a0355a0253df30b3d91ae09ffe65a63; path=/; httponly', 'Keep-Alive': 'timeout=5, max=100', 'Connection': 'Keep-Alive', 'Transfer-Encoding': 'chunked', 'Content-Type': 'text/html; charset=UTF-8'}",HTTP,False,NONE,693.706,OK,200.0
https://nativeenergy.com/business-carbon-calculator.html,Business Calculator | NativeEnergy,34.0,SHORT,"Your Climate Solutions Expert: carbon offsets, renewable energy credits, and carbon tracking services",101.0,GOOD,http://www.nativeenergy.com/business-carbon-calculator.html,59.0,None,-1,Use this calculator to estimate the carbon footprint of your business or organization. ,87.0,GOOD,"carbon calculator,  business carbon calculator,  reduce greenhouse gas emissions,  carbon offsets",97.0,Buy Carbon Offsets,18.0,TOO SHORT,11.0,10.0,1.0,12.1,45.0,0.0,1.0,text/html; charset=UTF-8,"Thu, 09 Nov 2017 04:12:45 GMT","{'Date': 'Thu, 09 Nov 2017 04:12:45 GMT', 'Server': 'Apache', 'X-Powered-By': 'PHP/5.5.38', 'P3P': 'CP=""NOI NID ADMa OUR IND UNI COM NAV""', 'Cache-Control': 'private, must-revalidate', 'Set-Cookie': 'evo1mb1hmf=0e0c5e25f288479c752b36ac3cc394a0; path=/, evo1mb1hmf=0e0c5e25f288479c752b36ac3cc394a0; path=/; httponly', 'Keep-Alive': 'timeout=5, max=100', 'Connection': 'Keep-Alive', 'Transfer-Encoding': 'chunked', 'Content-Type': 'text/html; charset=UTF-8'}",HTTP,False,NONE,717.352,OK,200.0
https://nativeenergy.com/project-performance.html,Project Performance | NativeEnergy,34.0,SHORT,"Your Climate Solutions Expert: carbon offsets, renewable energy credits, and carbon tracking services",101.0,GOOD,http://www.nativeenergy.com/project-performance.html,52.0,None,-1,,0.0,"BAD, MISSING META",,0.0,Buy Carbon Offsets,18.0,TOO SHORT,11.0,10.0,1.0,14.6,45.0,0.0,0.0,text/html; charset=UTF-8,"Thu, 09 Nov 2017 04:12:59 GMT","{'Date': 'Thu, 09 Nov 2017 04:12:59 GMT', 'Server': 'Apache', 'X-Powered-By': 'PHP/5.5.38', 'P3P': 'CP=""NOI NID ADMa OUR IND UNI COM NAV""', 'Cache-Control': 'private, must-revalidate', 'Set-Cookie': 'evo1mb1hmf=c8a06e5eabbc7f4a54532ac47a8b5428; path=/, evo1mb1hmf=c8a06e5eabbc7f4a54532ac47a8b5428; path=/; httponly', 'Keep-Alive': 'timeout=5, max=100', 'Connection': 'Keep-Alive', 'Transfer-Encoding': 'chunked', 'Content-Type': 'text/html; charset=UTF-8'}",HTTP,False,NONE,696.068,OK,200.0
https://nativeenergy.com/contact-an-advisor.html,Contact an Advisor | NativeEnergy,33.0,SHORT,"Your Climate Solutions Expert: carbon offsets, renewable energy credits, and carbon tracking services",101.0,GOOD,http://www.nativeenergy.com/contact-an-advisor.html,51.0,None,-1,,0.0,"BAD, MISSING META",,0.0,Buy Carbon Offsets,18.0,TOO SHORT,11.0,10.0,1.0,12.1,45.0,0.0,1.0,text/html; charset=UTF-8,"Thu, 09 Nov 2017 04:13:04 GMT","{'Date': 'Thu, 09 Nov 2017 04:13:04 GMT', 'Server': 'Apache', 'X-Powered-By': 'PHP/5.5.38', 'P3P': 'CP=""NOI NID ADMa OUR IND UNI COM NAV""', 'Cache-Control': 'private, must-revalidate', 'Set-Cookie': 'evo1mb1hmf=98668af8a4459e0464c4a016b50da223; path=/, evo1mb1hmf=98668af8a4459e0464c4a016b50da223; path=/; httponly', 'Keep-Alive': 'timeout=5, max=100', 'Connection': 'Keep-Alive', 'Transfer-Encoding': 'chunked', 'Content-Type': 'text/html; charset=UTF-8'}",HTTP,False,NONE,708.246,OK,200.0
https://nativeenergy.com/jobs-internships.html,Jobs & Internships | NativeEnergy,33.0,SHORT,"Your Climate Solutions Expert: carbon offsets, renewable energy credits, and carbon tracking services",101.0,GOOD,http://www.nativeenergy.com/jobs-internships.html,49.0,None,-1,,0.0,"BAD, MISSING META",,0.0,Buy Carbon Offsets,18.0,TOO SHORT,10.0,9.0,1.0,13.444444444444445,45.0,0.0,0.0,text/html; charset=UTF-8,"Thu, 09 Nov 2017 04:12:01 GMT","{'Date': 'Thu, 09 Nov 2017 04:12:01 GMT', 'Server': 'Apache', 'X-Powered-By': 'PHP/5.5.38', 'P3P': 'CP=""NOI NID ADMa OUR IND UNI COM NAV""', 'Cache-Control': 'private, must-revalidate', 'Set-Cookie': 'evo1mb1hmf=0fdae149aa3a13c893748363692973cb; path=/, evo1mb1hmf=0fdae149aa3a13c893748363692973cb; path=/; httponly', 'Keep-Alive': 'timeout=5, max=100', 'Connection': 'Keep-Alive', 'Transfer-Encoding': 'chunked', 'Content-Type': 'text/html; charset=UTF-8'}",HTTP,False,NONE,694.339,OK,200.0
https://nativeenergy.com/carbon-calculators.html,Carbon Calculators | NativeEnergy,33.0,SHORT,"Your Climate Solutions Expert: carbon offsets, renewable energy credits, and carbon tracking services",101.0,GOOD,http://www.nativeenergy.com/carbon-calculators.html,51.0,None,-1,Use our carbon calculators to measure and reduce your greenhouse gas emissions.,79.0,GOOD,"carbon calculator,  reduce carbon footprint,  carbon offsets,  reduce greenhouse gas emissions",94.0,Buy Carbon Offsets,18.0,TOO SHORT,16.0,12.0,4.0,14.75,45.0,0.0,0.0,text/html; charset=UTF-8,"Thu, 09 Nov 2017 04:13:45 GMT","{'Date': 'Thu, 09 Nov 2017 04:13:45 GMT', 'Server': 'Apache', 'X-Powered-By': 'PHP/5.5.38', 'P3P': 'CP=""NOI NID ADMa OUR IND UNI COM NAV""', 'Cache-Control': 'private, must-revalidate', 'Set-Cookie': 'evo1mb1hmf=7fe548829cc21139fb02aa06bfc54560; path=/, evo1mb1hmf=7fe548829cc21139fb02aa06bfc54560; path=/; httponly', 'Keep-Alive': 'timeout=5, max=100', 'Connection': 'Keep-Alive', 'Transfer-Encoding': 'chunked', 'Content-Type': 'text/html; charset=UTF-8'}",HTTP,False,NONE,735.076,OK,200.0
https://nativeenergy.com/oka.html,Oka Trees of Hope | NativeEnergy,32.0,SHORT,"Your Climate Solutions Expert: carbon offsets, renewable energy credits, and carbon tracking services",101.0,GOOD,http://www.nativeenergy.com/oka.html,36.0,None,-1,,0.0,"BAD, MISSING META",,0.0,Buy Carbon Offsets,18.0,TOO SHORT,16.0,14.0,2.0,10.642857142857142,45.0,0.0,0.0,text/html; charset=UTF-8,"Thu, 09 Nov 2017 04:13:20 GMT","{'Date': 'Thu, 09 Nov 2017 04:13:20 GMT', 'Server': 'Apache', 'X-Powered-By': 'PHP/5.5.38', 'P3P': 'CP=""NOI NID ADMa OUR IND UNI COM NAV""', 'Cache-Control': 'private, must-revalidate', 'Set-Cookie': 'evo1mb1hmf=25cba337dbf46fadec0b11449f021f47; path=/, evo1mb1hmf=25cba337dbf46fadec0b11449f021f47; path=/; httponly', 'Keep-Alive': 'timeout=5, max=100', 'Connection': 'Keep-Alive', 'Transfer-Encoding': 'chunked', 'Content-Type': 'text/html; charset=UTF-8'}",HTTP,False,NONE,715.723,OK,200.0
https://nativeenergy.com/marketing-toolkit.html,Marketing Toolkit | NativeEnergy,32.0,SHORT,"Your Climate Solutions Expert: carbon offsets, renewable energy credits, and carbon tracking services",101.0,GOOD,http://www.nativeenergy.com/marketing-toolkit.html,50.0,None,-1,,0.0,"BAD, MISSING META",,0.0,Buy Carbon Offsets,18.0,TOO SHORT,16.0,12.0,4.0,15.0,45.0,0.0,0.0,text/html; charset=UTF-8,"Thu, 09 Nov 2017 04:12:09 GMT","{'Date': 'Thu, 09 Nov 2017 04:12:09 GMT', 'Server': 'Apache', 'X-Powered-By': 'PHP/5.5.38', 'P3P': 'CP=""NOI NID ADMa OUR IND UNI COM NAV""', 'Cache-Control': 'private, must-revalidate', 'Set-Cookie': 'evo1mb1hmf=ca819620cd5d4790b3ea4ca3f652f46b; path=/, evo1mb1hmf=ca819620cd5d4790b3ea4ca3f652f46b; path=/; httponly', 'Keep-Alive': 'timeout=5, max=100', 'Connection': 'Keep-Alive', 'Transfer-Encoding': 'chunked', 'Content-Type': 'text/html; charset=UTF-8'}",HTTP,False,NONE,727.039,OK,200.0
https://nativeenergy.com/services-for-businesses.html,Services We Offer | NativeEnergy,32.0,SHORT,"Your Climate Solutions Expert: carbon offsets, renewable energy credits, and carbon tracking services",101.0,GOOD,http://www.nativeenergy.com/services-for-businesses.html,56.0,None,-1,"With our comprehensive carbon management services, you can track, report, and reduce your carbon emissions while supporting communities in need. ",145.0,GOOD,"carbon offsets for business, carbon offsets,  renewable energy credits,  carbon software,  carbon project",105.0,Buy Carbon Offsets,18.0,TOO SHORT,64.0,59.0,5.0,4.406779661016949,45.0,0.0,39.0,text/html; charset=UTF-8,"Thu, 09 Nov 2017 04:11:33 GMT","{'Date': 'Thu, 09 Nov 2017 04:11:33 GMT', 'Server': 'Apache', 'X-Powered-By': 'PHP/5.5.38', 'P3P': 'CP=""NOI NID ADMa OUR IND UNI COM NAV""', 'Cache-Control': 'private, must-revalidate', 'Set-Cookie': 'evo1mb1hmf=39df2938c24aaa07799724383b49c765; path=/, evo1mb1hmf=39df2938c24aaa07799724383b49c765; path=/; httponly', 'Keep-Alive': 'timeout=5, max=100', 'Connection': 'Keep-Alive', 'Transfer-Encoding': 'chunked', 'Content-Type': 'text/html; charset=UTF-8'}",HTTP,False,NONE,807.838,OK,200.0
https://nativeenergy.com/travel.html,Travel Calculator | NativeEnergy,32.0,SHORT,"Your Climate Solutions Expert: carbon offsets, renewable energy credits, and carbon tracking services",101.0,GOOD,http://www.nativeenergy.com/travel.html,39.0,None,-1,Use this calculator to estimate the carbon emissions from your travel.,70.0,GOOD,"travel carbon calculator,  carbon calculator,  carbon footprint,  carbon offsets,  reduce greenhouse gas emissions",114.0,Buy Carbon Offsets,18.0,TOO SHORT,11.0,10.0,1.0,12.1,45.0,0.0,1.0,text/html; charset=UTF-8,"Thu, 09 Nov 2017 04:11:17 GMT","{'Date': 'Thu, 09 Nov 2017 04:11:17 GMT', 'Server': 'Apache', 'X-Powered-By': 'PHP/5.5.38', 'P3P': 'CP=""NOI NID ADMa OUR IND UNI COM NAV""', 'Cache-Control': 'private, must-revalidate', 'Set-Cookie': 'evo1mb1hmf=03d03de97d0fdda6176c9267c8fe3a20; path=/, evo1mb1hmf=03d03de97d0fdda6176c9267c8fe3a20; path=/; httponly', 'Keep-Alive': 'timeout=5, max=100', 'Connection': 'Keep-Alive', 'Transfer-Encoding': 'chunked', 'Content-Type': 'text/html; charset=UTF-8'}",HTTP,False,NONE,697.754,OK,200.0
https://nativeenergy.com/customer-service1.html,Customer Service | NativeEnergy,31.0,SHORT,"Your Climate Solutions Expert: carbon offsets, renewable energy credits, and carbon tracking services",101.0,GOOD,http://www.nativeenergy.com/customer-service1.html,50.0,None,-1,,0.0,"BAD, MISSING META",,0.0,Buy Carbon Offsets,18.0,TOO SHORT,11.0,10.0,1.0,12.1,45.0,0.0,1.0,text/html; charset=UTF-8,"Thu, 09 Nov 2017 04:12:06 GMT","{'Date': 'Thu, 09 Nov 2017 04:12:06 GMT', 'Server': 'Apache', 'X-Powered-By': 'PHP/5.5.38', 'P3P': 'CP=""NOI NID ADMa OUR IND UNI COM NAV""', 'Cache-Control': 'private, must-revalidate', 'Set-Cookie': 'evo1mb1hmf=4dba7ef98fccba64e406ba8f94eadf5c; path=/, evo1mb1hmf=4dba7ef98fccba64e406ba8f94eadf5c; path=/; httponly', 'Keep-Alive': 'timeout=5, max=100', 'Connection': 'Keep-Alive', 'Transfer-Encoding': 'chunked', 'Content-Type': 'text/html; charset=UTF-8'}",HTTP,False,NONE,710.78,OK,200.0
https://nativeenergy.com/carbon-software.html,Carbon Software | NativeEnergy,30.0,SHORT,"Your Climate Solutions Expert: carbon offsets, renewable energy credits, and carbon tracking services",101.0,GOOD,http://www.nativeenergy.com/carbon-software.html,48.0,None,-1,Calculate and track your emissions with software that complies with the leading greenhouse gas protocols.,105.0,GOOD,"carbon software, carbon management",34.0,Buy Carbon Offsets,18.0,TOO SHORT,14.0,13.0,1.0,9.307692307692308,45.0,0.0,4.0,text/html; charset=UTF-8,"Thu, 09 Nov 2017 04:10:52 GMT","{'Date': 'Thu, 09 Nov 2017 04:10:52 GMT', 'Server': 'Apache', 'X-Powered-By': 'PHP/5.5.38', 'P3P': 'CP=""NOI NID ADMa OUR IND UNI COM NAV""', 'Cache-Control': 'private, must-revalidate', 'Set-Cookie': 'evo1mb1hmf=c9271b0d21cc3f1b42c69997e4d97b62; path=/, evo1mb1hmf=c9271b0d21cc3f1b42c69997e4d97b62; path=/; httponly', 'Keep-Alive': 'timeout=5, max=100', 'Connection': 'Keep-Alive', 'Transfer-Encoding': 'chunked', 'Content-Type': 'text/html; charset=UTF-8'}",HTTP,False,NONE,697.869,OK,200.0
https://nativeenergy.com/certifications.html,Certifications | NativeEnergy,29.0,SHORT,"Your Climate Solutions Expert: carbon offsets, renewable energy credits, and carbon tracking services",101.0,GOOD,http://www.nativeenergy.com/certifications.html,47.0,None,-1,,0.0,"BAD, MISSING META",,0.0,Buy Carbon Offsets,18.0,TOO SHORT,12.0,11.0,1.0,11.0,45.0,0.0,2.0,text/html; charset=UTF-8,"Thu, 09 Nov 2017 04:13:09 GMT","{'Date': 'Thu, 09 Nov 2017 04:13:09 GMT', 'Server': 'Apache', 'X-Powered-By': 'PHP/5.5.38', 'P3P': 'CP=""NOI NID ADMa OUR IND UNI COM NAV""', 'Cache-Control': 'private, must-revalidate', 'Set-Cookie': 'evo1mb1hmf=e93045f4c471850bdfcdb8bd41e7846f; path=/, evo1mb1hmf=e93045f4c471850bdfcdb8bd41e7846f; path=/; httponly', 'Keep-Alive': 'timeout=5, max=100', 'Connection': 'Keep-Alive', 'Transfer-Encoding': 'chunked', 'Content-Type': 'text/html; charset=UTF-8'}",HTTP,False,NONE,738.225,OK,200.0
https://nativeenergy.com/carbon-offsets-for-businesses.html,Carbon Offsets | NativeEnergy,29.0,SHORT,"Your Climate Solutions Expert: carbon offsets, renewable energy credits, and carbon tracking services",101.0,GOOD,http://www.nativeenergy.com/carbon-offsets-for-businesses.html,62.0,None,-1,"Through the strategic use of carbon offsets, NativeEnergy helps businesses and corporations meet their sustainability goals. ",125.0,GOOD,"carbon offsets, carbon offsets for business",43.0,Buy Carbon Offsets,18.0,TOO SHORT,18.0,15.0,3.0,11.2,45.0,0.0,4.0,text/html; charset=UTF-8,"Thu, 09 Nov 2017 04:11:03 GMT","{'Date': 'Thu, 09 Nov 2017 04:11:03 GMT', 'Server': 'Apache', 'X-Powered-By': 'PHP/5.5.38', 'P3P': 'CP=""NOI NID ADMa OUR IND UNI COM NAV""', 'Cache-Control': 'private, must-revalidate', 'Set-Cookie': 'evo1mb1hmf=61ad6e9327e5e70cccdc27de6d04d3c7; path=/, evo1mb1hmf=61ad6e9327e5e70cccdc27de6d04d3c7; path=/; httponly', 'Keep-Alive': 'timeout=5, max=100', 'Connection': 'Keep-Alive', 'Transfer-Encoding': 'chunked', 'Content-Type': 'text/html; charset=UTF-8'}",HTTP,False,NONE,770.024,OK,200.0
https://nativeenergy.com/biogas-energy.html,Biogas Energy | NativeEnergy,28.0,SHORT,"Your Climate Solutions Expert: carbon offsets, renewable energy credits, and carbon tracking services",101.0,GOOD,http://www.nativeenergy.com/biogas-energy.html,46.0,None,-1,,0.0,"BAD, MISSING META",,0.0,Buy Carbon Offsets,18.0,TOO SHORT,14.0,11.0,3.0,11.0,45.0,0.0,2.0,text/html; charset=UTF-8,"Thu, 09 Nov 2017 04:12:32 GMT","{'Date': 'Thu, 09 Nov 2017 04:12:32 GMT', 'Server': 'Apache', 'X-Powered-By': 'PHP/5.5.38', 'P3P': 'CP=""NOI NID ADMa OUR IND UNI COM NAV""', 'Cache-Control': 'private, must-revalidate', 'Set-Cookie': 'evo1mb1hmf=c86dbe4f6990ce6d3d989a2ff7eec2df; path=/, evo1mb1hmf=c86dbe4f6990ce6d3d989a2ff7eec2df; path=/; httponly', 'Keep-Alive': 'timeout=5, max=100', 'Connection': 'Keep-Alive', 'Transfer-Encoding': 'chunked', 'Content-Type': 'text/html; charset=UTF-8'}",HTTP,False,NONE,733.158,OK,200.0
https://nativeenergy.com/case-studies.html,Case Studies | NativeEnergy,27.0,SHORT,"Your Climate Solutions Expert: carbon offsets, renewable energy credits, and carbon tracking services",101.0,GOOD,http://www.nativeenergy.com/case-studies.html,45.0,None,-1,,0.0,"BAD, MISSING META",,0.0,Buy Carbon Offsets,18.0,TOO SHORT,59.0,58.0,1.0,2.896551724137931,45.0,0.0,42.0,text/html; charset=UTF-8,"Thu, 09 Nov 2017 04:13:17 GMT","{'Date': 'Thu, 09 Nov 2017 04:13:17 GMT', 'Server': 'Apache', 'X-Powered-By': 'PHP/5.5.38', 'P3P': 'CP=""NOI NID ADMa OUR IND UNI COM NAV""', 'Cache-Control': 'private, must-revalidate', 'Set-Cookie': 'evo1mb1hmf=aefe52acc795fd47097bf04d1f74d9f5; path=/, evo1mb1hmf=aefe52acc795fd47097bf04d1f74d9f5; path=/; httponly', 'Keep-Alive': 'timeout=5, max=100', 'Connection': 'Keep-Alive', 'Transfer-Encoding': 'chunked', 'Content-Type': 'text/html; charset=UTF-8'}",HTTP,False,NONE,804.78,OK,200.0
https://nativeenergy.com/wind-energy.html,Wind Energy | NativeEnergy,26.0,SHORT,"Your Climate Solutions Expert: carbon offsets, renewable energy credits, and carbon tracking services",101.0,GOOD,http://www.nativeenergy.com/wind-energy.html,44.0,None,-1,,0.0,"BAD, MISSING META",,0.0,Buy Carbon Offsets,18.0,TOO SHORT,78.0,66.0,12.0,2.5454545454545454,45.0,0.0,50.0,text/html; charset=UTF-8,"Thu, 09 Nov 2017 04:13:26 GMT","{'Date': 'Thu, 09 Nov 2017 04:13:26 GMT', 'Server': 'Apache', 'X-Powered-By': 'PHP/5.5.38', 'P3P': 'CP=""NOI NID ADMa OUR IND UNI COM NAV""', 'Cache-Control': 'private, must-revalidate', 'Set-Cookie': 'evo1mb1hmf=50443d9ff9256911b2158eaa17239f3b; path=/, evo1mb1hmf=50443d9ff9256911b2158eaa17239f3b; path=/; httponly', 'Keep-Alive': 'timeout=5, max=100', 'Connection': 'Keep-Alive', 'Transfer-Encoding': 'chunked', 'Content-Type': 'text/html; charset=UTF-8'}",HTTP,False,NONE,941.458,OK,200.0
https://nativeenergy.com/green-e-recs.html,Green-E REC Product Detail,26.0,SHORT,"Your Climate Solutions Expert: carbon offsets, renewable energy credits, and carbon tracking services",101.0,GOOD,http://www.nativeenergy.com/green-e-recs.html,45.0,None,-1,,0.0,"BAD, MISSING META",,0.0,Buy Carbon Offsets,18.0,TOO SHORT,11.0,10.0,1.0,12.1,45.0,0.0,1.0,text/html; charset=UTF-8,"Thu, 09 Nov 2017 04:12:27 GMT","{'Date': 'Thu, 09 Nov 2017 04:12:27 GMT', 'Server': 'Apache', 'X-Powered-By': 'PHP/5.5.38', 'P3P': 'CP=""NOI NID ADMa OUR IND UNI COM NAV""', 'Cache-Control': 'private, must-revalidate', 'Set-Cookie': 'evo1mb1hmf=851a36f11a833f1a6c981c7c93e48f90; path=/, evo1mb1hmf=851a36f11a833f1a6c981c7c93e48f90; path=/; httponly', 'Keep-Alive': 'timeout=5, max=100', 'Connection': 'Keep-Alive', 'Transfer-Encoding': 'chunked', 'Content-Type': 'text/html; charset=UTF-8'}",HTTP,False,NONE,735.664,OK,200.0
https://nativeenergy.com/newsletter.html,Newsletter | NativeEnergy,25.0,SHORT,"Your Climate Solutions Expert: carbon offsets, renewable energy credits, and carbon tracking services",101.0,GOOD,http://www.nativeenergy.com/newsletter.html,43.0,None,-1,,0.0,"BAD, MISSING META",,0.0,Buy Carbon Offsets,18.0,TOO SHORT,10.0,9.0,1.0,13.444444444444445,45.0,0.0,0.0,text/html; charset=UTF-8,"Thu, 09 Nov 2017 04:11:38 GMT","{'Date': 'Thu, 09 Nov 2017 04:11:38 GMT', 'Server': 'Apache', 'X-Powered-By': 'PHP/5.5.38', 'P3P': 'CP=""NOI NID ADMa OUR IND UNI COM NAV""', 'Cache-Control': 'private, must-revalidate', 'Set-Cookie': 'evo1mb1hmf=b5c4cc306b988b3418a6112013b11796; path=/, evo1mb1hmf=b5c4cc306b988b3418a6112013b11796; path=/; httponly', 'Keep-Alive': 'timeout=5, max=100', 'Connection': 'Keep-Alive', 'Transfer-Encoding': 'chunked', 'Content-Type': 'text/html; charset=UTF-8'}",HTTP,False,NONE,722.761,OK,200.0
https://nativeenergy.com/who-we-are,Who We Are | NativeEnergy,25.0,SHORT,"Your Climate Solutions Expert: carbon offsets, renewable energy credits, and carbon tracking services",101.0,GOOD,http://www.nativeenergy.com/who-we-are,38.0,None,-1,"Founded in Vermont in 2000, NativeEnergy is an expert provider of carbon offsets, renewable energy credits, and carbon accounting software.",139.0,GOOD,,0.0,Buy Carbon Offsets,18.0,TOO SHORT,56.0,55.0,1.0,3.0545454545454547,45.0,0.0,39.0,text/html; charset=UTF-8,"Thu, 09 Nov 2017 04:12:50 GMT","{'Date': 'Thu, 09 Nov 2017 04:12:50 GMT', 'Server': 'Apache', 'X-Powered-By': 'PHP/5.5.38', 'P3P': 'CP=""NOI NID ADMa OUR IND UNI COM NAV""', 'Cache-Control': 'private, must-revalidate', 'Set-Cookie': 'evo1mb1hmf=f6dc1941ea4fe6b3ba91335ecda8f5a9; path=/, evo1mb1hmf=f6dc1941ea4fe6b3ba91335ecda8f5a9; path=/; httponly', 'Keep-Alive': 'timeout=5, max=100', 'Connection': 'Keep-Alive', 'Transfer-Encoding': 'chunked', 'Content-Type': 'text/html; charset=UTF-8'}",HTTP,False,NONE,781.834,OK,200.0
https://nativeenergy.com/who-we-are.html,Who We Are | NativeEnergy,25.0,SHORT,"Your Climate Solutions Expert: carbon offsets, renewable energy credits, and carbon tracking services",101.0,GOOD,http://www.nativeenergy.com/who-we-are.html,43.0,None,-1,"Founded in Vermont in 2000, NativeEnergy is an expert provider of carbon offsets, renewable energy credits, and carbon accounting software.",139.0,GOOD,,0.0,Buy Carbon Offsets,18.0,TOO SHORT,56.0,55.0,1.0,3.0545454545454547,45.0,0.0,39.0,text/html; charset=UTF-8,"Thu, 09 Nov 2017 04:11:19 GMT","{'Date': 'Thu, 09 Nov 2017 04:11:19 GMT', 'Server': 'Apache', 'X-Powered-By': 'PHP/5.5.38', 'P3P': 'CP=""NOI NID ADMa OUR IND UNI COM NAV""', 'Cache-Control': 'private, must-revalidate', 'Set-Cookie': 'evo1mb1hmf=c653f8976b0472c49d118481ee872721; path=/, evo1mb1hmf=c653f8976b0472c49d118481ee872721; path=/; httponly', 'Keep-Alive': 'timeout=5, max=100', 'Connection': 'Keep-Alive', 'Transfer-Encoding': 'chunked', 'Content-Type': 'text/html; charset=UTF-8'}",HTTP,False,NONE,824.625,OK,200.0
https://nativeenergy.com/contact-us.html,Contact Us | NativeEnergy,25.0,SHORT,"Your Climate Solutions Expert: carbon offsets, renewable energy credits, and carbon tracking services",101.0,GOOD,http://www.nativeenergy.com/contact-us.html,43.0,None,-1,,0.0,"BAD, MISSING META","charlie sheen,  winning",23.0,Buy Carbon Offsets,18.0,TOO SHORT,10.0,9.0,1.0,13.444444444444445,45.0,0.0,0.0,text/html; charset=UTF-8,"Thu, 09 Nov 2017 04:11:13 GMT","{'Date': 'Thu, 09 Nov 2017 04:11:13 GMT', 'Server': 'Apache', 'X-Powered-By': 'PHP/5.5.38', 'P3P': 'CP=""NOI NID ADMa OUR IND UNI COM NAV""', 'Cache-Control': 'private, must-revalidate', 'Set-Cookie': 'evo1mb1hmf=70caace4e6eaee1678914f765e8f928a; path=/, evo1mb1hmf=70caace4e6eaee1678914f765e8f928a; path=/; httponly', 'Keep-Alive': 'timeout=5, max=100', 'Connection': 'Keep-Alive', 'Transfer-Encoding': 'chunked', 'Content-Type': 'text/html; charset=UTF-8'}",HTTP,False,NONE,731.546,OK,200.0
https://nativeenergy.com/media-kit.html,Media Kit | NativeEnergy,24.0,SHORT,"Your Climate Solutions Expert: carbon offsets, renewable energy credits, and carbon tracking services",101.0,GOOD,http://www.nativeenergy.com/media-kit.html,42.0,None,-1,,0.0,"BAD, MISSING META",,0.0,Buy Carbon Offsets,18.0,TOO SHORT,10.0,9.0,1.0,13.444444444444445,45.0,0.0,0.0,text/html; charset=UTF-8,"Thu, 09 Nov 2017 04:12:21 GMT","{'Date': 'Thu, 09 Nov 2017 04:12:21 GMT', 'Server': 'Apache', 'X-Powered-By': 'PHP/5.5.38', 'P3P': 'CP=""NOI NID ADMa OUR IND UNI COM NAV""', 'Cache-Control': 'private, must-revalidate', 'Set-Cookie': 'evo1mb1hmf=396842e93c81689a5f9554d8304743d8; path=/, evo1mb1hmf=396842e93c81689a5f9554d8304743d8; path=/; httponly', 'Keep-Alive': 'timeout=5, max=100', 'Connection': 'Keep-Alive', 'Transfer-Encoding': 'chunked', 'Content-Type': 'text/html; charset=UTF-8'}",HTTP,False,NONE,705.471,OK,200.0
https://nativeenergy.com/webinars.html,Webinars | NativeEnergy,23.0,SHORT,"Your Climate Solutions Expert: carbon offsets, renewable energy credits, and carbon tracking services",101.0,GOOD,http://www.nativeenergy.com/webinars.html,41.0,None,-1,,0.0,"BAD, MISSING META",,0.0,Buy Carbon Offsets,18.0,TOO SHORT,10.0,9.0,1.0,13.444444444444445,45.0,0.0,0.0,text/html; charset=UTF-8,"Thu, 09 Nov 2017 04:12:19 GMT","{'Date': 'Thu, 09 Nov 2017 04:12:19 GMT', 'Server': 'Apache', 'X-Powered-By': 'PHP/5.5.38', 'P3P': 'CP=""NOI NID ADMa OUR IND UNI COM NAV""', 'Cache-Control': 'private, must-revalidate', 'Set-Cookie': 'evo1mb1hmf=b30dfb04865832f31a48f3bf4e21a018; path=/, evo1mb1hmf=b30dfb04865832f31a48f3bf4e21a018; path=/; httponly', 'Keep-Alive': 'timeout=5, max=100', 'Connection': 'Keep-Alive', 'Transfer-Encoding': 'chunked', 'Content-Type': 'text/html; charset=UTF-8'}",HTTP,False,NONE,738.882,OK,200.0
https://nativeenergy.com/other.html,Other | NativeEnergy,20.0,SHORT,"Your Climate Solutions Expert: carbon offsets, renewable energy credits, and carbon tracking services",101.0,GOOD,http://www.nativeenergy.com/other.html,38.0,None,-1,,0.0,"BAD, MISSING META",,0.0,Buy Carbon Offsets,18.0,TOO SHORT,18.0,13.0,5.0,9.307692307692308,45.0,0.0,4.0,text/html; charset=UTF-8,"Thu, 09 Nov 2017 04:13:02 GMT","{'Date': 'Thu, 09 Nov 2017 04:13:02 GMT', 'Server': 'Apache', 'X-Powered-By': 'PHP/5.5.38', 'P3P': 'CP=""NOI NID ADMa OUR IND UNI COM NAV""', 'Cache-Control': 'private, must-revalidate', 'Set-Cookie': 'evo1mb1hmf=93886a4733f98e32c7a10941f33d9d70; path=/, evo1mb1hmf=93886a4733f98e32c7a10941f33d9d70; path=/; httponly', 'Keep-Alive': 'timeout=5, max=100', 'Connection': 'Keep-Alive', 'Transfer-Encoding': 'chunked', 'Content-Type': 'text/html; charset=UTF-8'}",HTTP,False,NONE,707.944,OK,200.0
https://nativeenergy.com/mailto:support@nativeenergy.com,404 - Page Not Found,20.0,SHORT,"Your Climate Solutions Expert: carbon offsets, renewable energy credits, and carbon tracking services",101.0,GOOD,http://www.nativeenergy.com/mailto:support@nativeenergy.com,59.0,None,-1,,0.0,"BAD, MISSING META",,0.0,Buy Carbon Offsets,18.0,TOO SHORT,10.0,9.0,1.0,13.444444444444445,45.0,0.0,0.0,text/html; charset=UTF-8,"Thu, 09 Nov 2017 04:13:43 GMT","{'Date': 'Thu, 09 Nov 2017 04:13:43 GMT', 'Server': 'Apache', 'X-Powered-By': 'PHP/5.5.38', 'P3P': 'CP=""NOI NID ADMa OUR IND UNI COM NAV""', 'Cache-Control': 'private, must-revalidate', 'Set-Cookie': 'evo1mb1hmf=e5f1cead8414117c494b39c3cc4d230b; path=/, evo1mb1hmf=e5f1cead8414117c494b39c3cc4d230b; path=/; httponly', 'Keep-Alive': 'timeout=5, max=100', 'Connection': 'Keep-Alive', 'Transfer-Encoding': 'chunked', 'Content-Type': 'text/html; charset=UTF-8'}",HTTP,False,NONE,728.563,Not Found,404.0
https://nativeenergy.com/press.html,Press | NativeEnergy,20.0,SHORT,"Your Climate Solutions Expert: carbon offsets, renewable energy credits, and carbon tracking services",101.0,GOOD,http://www.nativeenergy.com/press.html,38.0,None,-1,NativeEnergy Press Room,23.0,TOO SHORT,"nativeenergy,  native energy,  press,  news,  media,  carbon,  offsets,  carbon emissions,  corporate social responsibility",123.0,Buy Carbon Offsets,18.0,TOO SHORT,10.0,9.0,1.0,13.444444444444445,45.0,0.0,0.0,text/html; charset=UTF-8,"Thu, 09 Nov 2017 04:13:40 GMT","{'Date': 'Thu, 09 Nov 2017 04:13:40 GMT', 'Server': 'Apache', 'X-Powered-By': 'PHP/5.5.38', 'P3P': 'CP=""NOI NID ADMa OUR IND UNI COM NAV""', 'Cache-Control': 'private, must-revalidate', 'Set-Cookie': 'evo1mb1hmf=cf45d0262c80dcd2d08f26fa059ed017; path=/, evo1mb1hmf=cf45d0262c80dcd2d08f26fa059ed017; path=/; httponly', 'Keep-Alive': 'timeout=5, max=100', 'Connection': 'Keep-Alive', 'Transfer-Encoding': 'chunked', 'Content-Type': 'text/html; charset=UTF-8'}",HTTP,False,NONE,705.119,OK,200.0
https://nativeenergy.com/718,404 - Page Not Found,20.0,SHORT,"Your Climate Solutions Expert: carbon offsets, renewable energy credits, and carbon tracking services",101.0,GOOD,http://www.nativeenergy.com/718,31.0,None,-1,,0.0,"BAD, MISSING META",,0.0,Buy Carbon Offsets,18.0,TOO SHORT,10.0,9.0,1.0,13.444444444444445,45.0,0.0,0.0,text/html; charset=UTF-8,"Thu, 09 Nov 2017 04:11:30 GMT","{'Date': 'Thu, 09 Nov 2017 04:11:30 GMT', 'Server': 'Apache', 'X-Powered-By': 'PHP/5.5.38', 'P3P': 'CP=""NOI NID ADMa OUR IND UNI COM NAV""', 'Cache-Control': 'private, must-revalidate', 'Set-Cookie': 'evo1mb1hmf=0fc24b55ee4d865680ac9ba9ef2c80f2; path=/, evo1mb1hmf=0fc24b55ee4d865680ac9ba9ef2c80f2; path=/; httponly', 'Keep-Alive': 'timeout=5, max=100', 'Connection': 'Keep-Alive', 'Transfer-Encoding': 'chunked', 'Content-Type': 'text/html; charset=UTF-8'}",HTTP,False,NONE,794.014,Not Found,404.0
https://nativeenergy.com/frequently-asked-questions.html,FAQs | NativeEnergy,19.0,SHORT,"Your Climate Solutions Expert: carbon offsets, renewable energy credits, and carbon tracking services",101.0,GOOD,http://www.nativeenergy.com/frequently-asked-questions.html,59.0,None,-1,,0.0,"BAD, MISSING META",,0.0,Buy Carbon Offsets,18.0,TOO SHORT,10.0,9.0,1.0,13.444444444444445,45.0,0.0,0.0,text/html; charset=UTF-8,"Thu, 09 Nov 2017 04:11:35 GMT","{'Date': 'Thu, 09 Nov 2017 04:11:35 GMT', 'Server': 'Apache', 'X-Powered-By': 'PHP/5.5.38', 'P3P': 'CP=""NOI NID ADMa OUR IND UNI COM NAV""', 'Cache-Control': 'private, must-revalidate', 'Set-Cookie': 'evo1mb1hmf=61061d5e716a4e85d7e7e36c1c69aada; path=/, evo1mb1hmf=61061d5e716a4e85d7e7e36c1c69aada; path=/; httponly', 'Keep-Alive': 'timeout=5, max=100', 'Connection': 'Keep-Alive', 'Transfer-Encoding': 'chunked', 'Content-Type': 'text/html; charset=UTF-8'}",HTTP,False,NONE,695.077,OK,200.0
https://nativeenergy.com/the-team.html,Team | NativeEnergy,19.0,SHORT,"Your Climate Solutions Expert: carbon offsets, renewable energy credits, and carbon tracking services",101.0,GOOD,http://www.nativeenergy.com/the-team.html,41.0,None,-1,,0.0,"BAD, MISSING META",,0.0,Buy Carbon Offsets,18.0,TOO SHORT,20.0,9.0,11.0,13.444444444444445,45.0,0.0,0.0,text/html; charset=UTF-8,"Thu, 09 Nov 2017 04:12:37 GMT","{'Date': 'Thu, 09 Nov 2017 04:12:37 GMT', 'Server': 'Apache', 'X-Powered-By': 'PHP/5.5.38', 'P3P': 'CP=""NOI NID ADMa OUR IND UNI COM NAV""', 'Cache-Control': 'private, must-revalidate', 'Set-Cookie': 'evo1mb1hmf=157ab77bc545703e7f1d7d32b9115329; path=/, evo1mb1hmf=157ab77bc545703e7f1d7d32b9115329; path=/; httponly', 'Keep-Alive': 'timeout=5, max=100', 'Connection': 'Keep-Alive', 'Transfer-Encoding': 'chunked', 'Content-Type': 'text/html; charset=UTF-8'}",HTTP,False,NONE,735.891,OK,200.0
https://nativeenergy.com/renewable-energy-credits.html,RECs | NativeEnergy,19.0,SHORT,"Your Climate Solutions Expert: carbon offsets, renewable energy credits, and carbon tracking services",101.0,GOOD,http://www.nativeenergy.com/renewable-energy-credits.html,57.0,None,-1,Power your business or LEED building with green energy. ,56.0,GOOD,renewable energy credits,24.0,Buy Carbon Offsets,18.0,TOO SHORT,14.0,13.0,1.0,9.307692307692308,45.0,0.0,4.0,text/html; charset=UTF-8,"Thu, 09 Nov 2017 04:11:44 GMT","{'Date': 'Thu, 09 Nov 2017 04:11:44 GMT', 'Server': 'Apache', 'X-Powered-By': 'PHP/5.5.38', 'P3P': 'CP=""NOI NID ADMa OUR IND UNI COM NAV""', 'Cache-Control': 'private, must-revalidate', 'Set-Cookie': 'evo1mb1hmf=a55e2f1dea44175f7c68ca87cd13b42d; path=/, evo1mb1hmf=a55e2f1dea44175f7c68ca87cd13b42d; path=/; httponly', 'Keep-Alive': 'timeout=5, max=100', 'Connection': 'Keep-Alive', 'Transfer-Encoding': 'chunked', 'Content-Type': 'text/html; charset=UTF-8'}",HTTP,False,NONE,712.109,OK,200.0
https://nativeenergy.com/terms-conditions.html,Terms & Conditions,18.0,SHORT,"Your Climate Solutions Expert: carbon offsets, renewable energy credits, and carbon tracking services",101.0,GOOD,http://www.nativeenergy.com/terms-conditions.html,49.0,None,-1,,0.0,"BAD, MISSING META",,0.0,Buy Carbon Offsets,18.0,TOO SHORT,10.0,9.0,1.0,13.444444444444445,45.0,0.0,0.0,text/html; charset=UTF-8,"Thu, 09 Nov 2017 04:11:08 GMT","{'Date': 'Thu, 09 Nov 2017 04:11:08 GMT', 'Server': 'Apache', 'X-Powered-By': 'PHP/5.5.38', 'P3P': 'CP=""NOI NID ADMa OUR IND UNI COM NAV""', 'Cache-Control': 'private, must-revalidate', 'Set-Cookie': 'evo1mb1hmf=972464a92a2926f0f2b0ba359e8cd1e5; path=/, evo1mb1hmf=972464a92a2926f0f2b0ba359e8cd1e5; path=/; httponly', 'Keep-Alive': 'timeout=5, max=100', 'Connection': 'Keep-Alive', 'Transfer-Encoding': 'chunked', 'Content-Type': 'text/html; charset=UTF-8'}",HTTP,False,NONE,692.19,OK,200.0
https://nativeenergy.com/privacy-policy.html,Privacy Policy,14.0,SHORT,"Your Climate Solutions Expert: carbon offsets, renewable energy credits, and carbon tracking services",101.0,GOOD,http://www.nativeenergy.com/privacy-policy.html,47.0,None,-1,,0.0,"BAD, MISSING META",,0.0,Buy Carbon Offsets,18.0,TOO SHORT,10.0,9.0,1.0,13.444444444444445,45.0,0.0,0.0,text/html; charset=UTF-8,"Thu, 09 Nov 2017 04:11:59 GMT","{'Date': 'Thu, 09 Nov 2017 04:11:59 GMT', 'Server': 'Apache', 'X-Powered-By': 'PHP/5.5.38', 'P3P': 'CP=""NOI NID ADMa OUR IND UNI COM NAV""', 'Cache-Control': 'private, must-revalidate', 'Set-Cookie': 'evo1mb1hmf=5ac02d6e106dc7fbf4c820d9ce545013; path=/, evo1mb1hmf=5ac02d6e106dc7fbf4c820d9ce545013; path=/; httponly', 'Keep-Alive': 'timeout=5, max=100', 'Connection': 'Keep-Alive', 'Transfer-Encoding': 'chunked', 'Content-Type': 'text/html; charset=UTF-8'}",HTTP,False,NONE,736.66,OK,200.0
https://nativeenergy.com/site-map.html,Site Map,8.0,SHORT,"Your Climate Solutions Expert: carbon offsets, renewable energy credits, and carbon tracking services",101.0,GOOD,http://www.nativeenergy.com/site-map.html,41.0,None,-1,,0.0,"BAD, MISSING META",,0.0,Buy Carbon Offsets,18.0,TOO SHORT,10.0,9.0,1.0,13.444444444444445,45.0,0.0,0.0,text/html; charset=UTF-8,"Thu, 09 Nov 2017 04:12:56 GMT","{'Date': 'Thu, 09 Nov 2017 04:12:56 GMT', 'Server': 'Apache', 'X-Powered-By': 'PHP/5.5.38', 'P3P': 'CP=""NOI NID ADMa OUR IND UNI COM NAV""', 'Cache-Control': 'private, must-revalidate', 'Set-Cookie': 'evo1mb1hmf=c2cb33d07d8ad3f6d90d94ffabeaa736; path=/, evo1mb1hmf=c2cb33d07d8ad3f6d90d94ffabeaa736; path=/; httponly', 'Keep-Alive': 'timeout=5, max=100', 'Connection': 'Keep-Alive', 'Transfer-Encoding': 'chunked', 'Content-Type': 'text/html; charset=UTF-8'}",HTTP,False,NONE,792.585,OK,200.0
https://nativeenergy.com/buy-now,Buy Now,7.0,SHORT,"Your Climate Solutions Expert: carbon offsets, renewable energy credits, and carbon tracking services",101.0,GOOD,http://www.nativeenergy.com/buy-now,35.0,None,-1,Enter the number of carbon tons that you want to offset. ,57.0,GOOD,,0.0,Buy Carbon Offsets,18.0,TOO SHORT,12.0,11.0,1.0,12.818181818181818,45.0,0.0,2.0,text/html; charset=UTF-8,"Thu, 09 Nov 2017 04:11:49 GMT","{'Date': 'Thu, 09 Nov 2017 04:11:49 GMT', 'Server': 'Apache', 'X-Powered-By': 'PHP/5.5.38', 'P3P': 'CP=""NOI NID ADMa OUR IND UNI COM NAV""', 'Cache-Control': 'private, must-revalidate', 'Set-Cookie': 'evo1mb1hmf=b6329225cfc4496760b6042e9a49c3d9; path=/, evo1mb1hmf=b6329225cfc4496760b6042e9a49c3d9; path=/; httponly', 'Keep-Alive': 'timeout=5, max=100', 'Connection': 'Keep-Alive', 'Transfer-Encoding': 'chunked', 'Content-Type': 'text/html; charset=UTF-8'}",HTTP,False,NONE,692.736,OK,200.0
https://nativeenergy.com/buy-now.html,Buy Now,7.0,SHORT,"Your Climate Solutions Expert: carbon offsets, renewable energy credits, and carbon tracking services",101.0,GOOD,http://www.nativeenergy.com/buy-now.html,40.0,None,-1,Enter the number of carbon tons that you want to offset. ,57.0,GOOD,,0.0,Buy Carbon Offsets,18.0,TOO SHORT,12.0,11.0,1.0,12.818181818181818,45.0,0.0,2.0,text/html; charset=UTF-8,"Thu, 09 Nov 2017 04:13:50 GMT","{'Date': 'Thu, 09 Nov 2017 04:13:50 GMT', 'Server': 'Apache', 'X-Powered-By': 'PHP/5.5.38', 'P3P': 'CP=""NOI NID ADMa OUR IND UNI COM NAV""', 'Cache-Control': 'private, must-revalidate', 'Set-Cookie': 'evo1mb1hmf=84089cd95fa4999e3a87a839cbf66ac6; path=/, evo1mb1hmf=84089cd95fa4999e3a87a839cbf66ac6; path=/; httponly', 'Keep-Alive': 'timeout=5, max=100', 'Connection': 'Keep-Alive', 'Transfer-Encoding': 'chunked', 'Content-Type': 'text/html; charset=UTF-8'}",HTTP,False,NONE,713.64,OK,200.0
https://nativeenergy.com//robots.txt,Found Robots.txt,,,,,,,,,,,,,,,,,,,,,,,,,,,,,,,,,
