URL,TITLE,TITLE LENGTH,TITLE STATUS,H1-1,H1-1 LENGTH,H1-1 STATUS,FINAL URL,FINAL URL LENGTH,CANONICAL,CANONICAL LENGTH,META DESCRIPTION,META DESCRIPTION LENGTH,META DESCRIPTION STATUS,META KEYWORDS,META KEYWORDS LENGTH,H2-1,H2-1 LENGTH,H2-1 STATUS,NUMBER OF IMAGES,NUMBER OF WITH ALT-TAG,NUMBER OF WITHOUT ALT-TAG,ALT-TAG AVERAGE LENGTH,ALT-TAG MAXIMUM LENGTH,ALT-TAG MINIMUM LENGTH,NUMBER OF ALT-TAGS THAT ARE DUPLICATED,CONTENT TYPE,DATE,HEADERS,HTTP/HTTPS,REDIRECT,REDIRECT TYPE,RESPONSE TIME (MS),STATUS,STATUS CODE
https://soulceramics.com/,"
      The Lowest Online Prices for Ceramic Kilns, Heat Treat Ovens and More – Soul Ceramics
    ",97.0,TOO LONG,"Guaranteed Lowest Online Prices for Ceramic Kilns, Heat Treat Ovens, Glass Kilns and More",89.0,GOOD,https://www.soulceramics.com/,29.0,https://www.soulceramics.com/,29.0,"Soul Ceramics has the lowest online prices for ceramic and pottery kilns, knife and heat treat ovens, metal clay kilns, and glass kilns. Free shipping!",151.0,GOOD,,,Up to 30% off our entire ceramic kiln collection,48.0,GOOD,36.0,33.0,3.0,22.666666666666668,80.0,0.0,1.0,text/html; charset=utf-8,"Thu, 09 Nov 2017 04:38:56 GMT","{'Server': 'nginx', 'Date': 'Thu, 09 Nov 2017 04:38:56 GMT', 'Content-Type': 'text/html; charset=utf-8', 'Transfer-Encoding': 'chunked', 'Connection': 'keep-alive', 'X-Sorting-Hat-PodId': '28', 'X-Sorting-Hat-PodId-Cached': '1', 'X-Sorting-Hat-ShopId': '8362769', 'X-Sorting-Hat-Section': 'pod', 'X-Sorting-Hat-ShopId-Cached': '1', 'X-ShopId': '8362769', 'X-ShardId': '28', 'Content-Language': 'en', 'Content-Encoding': 'gzip', 'Strict-Transport-Security': 'max-age=7889238', 'ETag': 'cacheable:52bd5d2847384535dc86186531ec6c0d', 'X-Alternate-Cache-Key': 'cacheable:46372bd59b12ca6cefe4b4b6898a3136', 'X-Cache': 'hit, server', 'Set-Cookie': 'secure_customer_sig=; path=/; expires=Mon, 09 Nov 2037 04:38:56 -0000; secure; HttpOnly, _landing_page=%2F; Expires=Thu, 23-Nov-17 04:38:56 GMT; Path=/; HttpOnly, _orig_referrer=; Expires=Thu, 23-Nov-17 04:38:56 GMT; Path=/; HttpOnly, cart_sig=; path=/; expires=Thu, 23 Nov 2017 04:38:56 -0000; HttpOnly', 'X-Request-Id': 'd017a051-002e-45e8-9378-144c1d05708d', 'Content-Security-Policy': 'block-all-mixed-content; upgrade-insecure-requests; report-uri /csp-report?source%5Baction%5D=index&source%5Bapp%5D=Shopify&source%5Bcontroller%5D=storefront_section%2Fshop&source%5Bsection%5D=storefront&source%5Buuid%5D=d017a051-002e-45e8-9378-144c1d05708d', 'X-Content-Type-Options': 'nosniff, nosniff', 'X-Download-Options': 'noopen', 'X-Permitted-Cross-Domain-Policies': 'none', 'X-XSS-Protection': '1; mode=block; report=/xss-report?source%5Baction%5D=index&source%5Bapp%5D=Shopify&source%5Bcontroller%5D=storefront_section%2Fshop&source%5Bsection%5D=storefront&source%5Buuid%5D=d017a051-002e-45e8-9378-144c1d05708d', 'P3P': 'CP=""NOI DSP COR NID ADMa OPTa OUR NOR""', 'X-Dc': 'chi2'}",HTTPS,False,NONE,76.386,OK,200.0
https://soulceramics.com/#,"
      The Lowest Online Prices for Ceramic Kilns, Heat Treat Ovens and More – Soul Ceramics
    ",97.0,TOO LONG,"Guaranteed Lowest Online Prices for Ceramic Kilns, Heat Treat Ovens, Glass Kilns and More",89.0,GOOD,https://www.soulceramics.com/,29.0,https://www.soulceramics.com/,29.0,"Soul Ceramics has the lowest online prices for ceramic and pottery kilns, knife and heat treat ovens, metal clay kilns, and glass kilns. Free shipping!",151.0,GOOD,,,Up to 30% off our entire ceramic kiln collection,48.0,GOOD,36.0,33.0,3.0,22.666666666666668,80.0,0.0,1.0,text/html; charset=utf-8,"Thu, 09 Nov 2017 04:39:01 GMT","{'Server': 'nginx', 'Date': 'Thu, 09 Nov 2017 04:39:01 GMT', 'Content-Type': 'text/html; charset=utf-8', 'Transfer-Encoding': 'chunked', 'Connection': 'keep-alive', 'X-Sorting-Hat-PodId': '28', 'X-Sorting-Hat-PodId-Cached': '1', 'X-Sorting-Hat-ShopId': '8362769', 'X-Sorting-Hat-Section': 'pod', 'X-Sorting-Hat-ShopId-Cached': '1', 'X-ShopId': '8362769', 'X-ShardId': '28', 'Content-Language': 'en', 'Content-Encoding': 'gzip', 'Strict-Transport-Security': 'max-age=7889238', 'ETag': 'cacheable:52bd5d2847384535dc86186531ec6c0d', 'X-Alternate-Cache-Key': 'cacheable:46372bd59b12ca6cefe4b4b6898a3136', 'X-Cache': 'hit, server', 'Set-Cookie': 'secure_customer_sig=; path=/; expires=Mon, 09 Nov 2037 04:39:01 -0000; secure; HttpOnly, _landing_page=%2F; Expires=Thu, 23-Nov-17 04:39:01 GMT; Path=/; HttpOnly, _orig_referrer=; Expires=Thu, 23-Nov-17 04:39:01 GMT; Path=/; HttpOnly, cart_sig=; path=/; expires=Thu, 23 Nov 2017 04:39:01 -0000; HttpOnly', 'X-Request-Id': '5a1958b2-ed70-479d-bf16-47c32081b78e', 'Content-Security-Policy': 'block-all-mixed-content; upgrade-insecure-requests; report-uri /csp-report?source%5Baction%5D=index&source%5Bapp%5D=Shopify&source%5Bcontroller%5D=storefront_section%2Fshop&source%5Bsection%5D=storefront&source%5Buuid%5D=5a1958b2-ed70-479d-bf16-47c32081b78e', 'X-Content-Type-Options': 'nosniff, nosniff', 'X-Download-Options': 'noopen', 'X-Permitted-Cross-Domain-Policies': 'none', 'X-XSS-Protection': '1; mode=block; report=/xss-report?source%5Baction%5D=index&source%5Bapp%5D=Shopify&source%5Bcontroller%5D=storefront_section%2Fshop&source%5Bsection%5D=storefront&source%5Buuid%5D=5a1958b2-ed70-479d-bf16-47c32081b78e', 'P3P': 'CP=""NOI DSP COR NID ADMa OPTa OUR NOR""', 'X-Dc': 'chi2'}",HTTPS,False,NONE,990.244,OK,200.0
https://soulceramics.com/pages/guide-to-kiln-controllers,"
      The Definitive Guide to Kiln Controllers : Manual vs Automatic | Soul Ceramics
    ",90.0,TOO LONG,Manual vs Automatic Kiln Controllers: Which is Right for You?,61.0,GOOD,https://www.soulceramics.com/pages/guide-to-kiln-controllers,60.0,https://www.soulceramics.com/pages/guide-to-kiln-controllers,60.0,This guide to kiln controllers clearly outlines the differences between manual and automatic. Learn about the pros and cons of each controller type here.,153.0,GOOD,,,Important Terms to Know,23.0,TOO SHORT,12.0,11.0,1.0,8.272727272727273,16.0,0.0,1.0,text/html; charset=utf-8,"Thu, 09 Nov 2017 04:39:54 GMT","{'Server': 'nginx', 'Date': 'Thu, 09 Nov 2017 04:39:54 GMT', 'Content-Type': 'text/html; charset=utf-8', 'Transfer-Encoding': 'chunked', 'Connection': 'keep-alive', 'X-Sorting-Hat-PodId': '28', 'X-Sorting-Hat-PodId-Cached': '1', 'X-Sorting-Hat-ShopId': '8362769', 'X-Sorting-Hat-Section': 'pod', 'X-Sorting-Hat-ShopId-Cached': '1', 'Access-Control-Allow-Origin': '*', 'X-ShopId': '8362769', 'X-ShardId': '28', 'Content-Language': 'en', 'Content-Encoding': 'gzip', 'Strict-Transport-Security': 'max-age=7889238', 'ETag': 'cacheable:adb131cab429c386fe767efb6dfe44dc', 'X-Alternate-Cache-Key': 'cacheable:94fb5ce542d4ad394a4757e83bcba662', 'X-Cache': 'hit, server', 'Set-Cookie': 'secure_customer_sig=; path=/; expires=Mon, 09 Nov 2037 04:39:54 -0000; secure; HttpOnly, _landing_page=%2Fpages%2Fguide-to-kiln-controllers; Expires=Thu, 23-Nov-17 04:39:54 GMT; Path=/; HttpOnly, _orig_referrer=; Expires=Thu, 23-Nov-17 04:39:54 GMT; Path=/; HttpOnly, cart_sig=; path=/; expires=Thu, 23 Nov 2017 04:39:54 -0000; HttpOnly', 'X-Request-Id': 'c2814acd-5637-4003-afe0-18bd5aa09726', 'Content-Security-Policy': 'block-all-mixed-content; upgrade-insecure-requests; report-uri /csp-report?source%5Baction%5D=pages&source%5Bapp%5D=Shopify&source%5Bcontroller%5D=storefront_section%2Fshop&source%5Bsection%5D=storefront&source%5Buuid%5D=c2814acd-5637-4003-afe0-18bd5aa09726', 'X-Content-Type-Options': 'nosniff, nosniff', 'X-Download-Options': 'noopen', 'X-Permitted-Cross-Domain-Policies': 'none', 'X-XSS-Protection': '1; mode=block; report=/xss-report?source%5Baction%5D=pages&source%5Bapp%5D=Shopify&source%5Bcontroller%5D=storefront_section%2Fshop&source%5Bsection%5D=storefront&source%5Buuid%5D=c2814acd-5637-4003-afe0-18bd5aa09726', 'P3P': 'CP=""NOI DSP COR NID ADMa OPTa OUR NOR""', 'X-Dc': 'chi2'}",HTTPS,False,NONE,14.267,OK,200.0
https://soulceramics.com/collections/evenheat-kilns,"
      Evenheat Kilns - Ceramic Kilns, Heat Treat Ovens & More | Soul Ceramics
    ",83.0,TOO LONG,Evenheat Kilns,14.0,TOO SHORT,https://www.soulceramics.com/collections/evenheat-kilns,55.0,https://www.soulceramics.com/collections/evenheat-kilns,55.0,"Soul Ceramics provides a wide selection of Evenheat Kilns at the lowest prices. Browse our selection of ceramic kilns, heat treat ovens, glass ovens and more.",158.0,GOOD,,,About Evenheat Kilns,20.0,TOO SHORT,36.0,35.0,1.0,36.22857142857143,51.0,0.0,1.0,text/html; charset=utf-8,"Thu, 09 Nov 2017 04:40:03 GMT","{'Server': 'nginx', 'Date': 'Thu, 09 Nov 2017 04:40:03 GMT', 'Content-Type': 'text/html; charset=utf-8', 'Transfer-Encoding': 'chunked', 'Connection': 'keep-alive', 'X-Sorting-Hat-PodId': '28', 'X-Sorting-Hat-PodId-Cached': '1', 'X-Sorting-Hat-ShopId': '8362769', 'X-Sorting-Hat-Section': 'pod', 'X-Sorting-Hat-ShopId-Cached': '1', 'Access-Control-Allow-Origin': '*', 'X-ShopId': '8362769', 'X-ShardId': '28', 'Content-Language': 'en', 'Content-Encoding': 'gzip', 'Strict-Transport-Security': 'max-age=7889238', 'ETag': 'cacheable:14d77f05618ae1d2f9b4be289c9d3470', 'X-Alternate-Cache-Key': 'cacheable:b4030bd55dc883126e39d49039ab4077', 'X-Cache': 'hit, server', 'Set-Cookie': 'secure_customer_sig=; path=/; expires=Mon, 09 Nov 2037 04:40:03 -0000; secure; HttpOnly, _landing_page=%2Fcollections%2Fevenheat-kilns; Expires=Thu, 23-Nov-17 04:40:03 GMT; Path=/; HttpOnly, _orig_referrer=; Expires=Thu, 23-Nov-17 04:40:03 GMT; Path=/; HttpOnly, cart_sig=; path=/; expires=Thu, 23 Nov 2017 04:40:03 -0000; HttpOnly', 'X-Request-Id': '3dd44327-d797-4ae7-8d0b-7e7f34a28a8c', 'Content-Security-Policy': 'block-all-mixed-content; upgrade-insecure-requests; report-uri /csp-report?source%5Baction%5D=collections&source%5Bapp%5D=Shopify&source%5Bcontroller%5D=storefront_section%2Fshop&source%5Bsection%5D=storefront&source%5Buuid%5D=3dd44327-d797-4ae7-8d0b-7e7f34a28a8c', 'X-Content-Type-Options': 'nosniff, nosniff', 'X-Download-Options': 'noopen', 'X-Permitted-Cross-Domain-Policies': 'none', 'X-XSS-Protection': '1; mode=block; report=/xss-report?source%5Baction%5D=collections&source%5Bapp%5D=Shopify&source%5Bcontroller%5D=storefront_section%2Fshop&source%5Bsection%5D=storefront&source%5Buuid%5D=3dd44327-d797-4ae7-8d0b-7e7f34a28a8c', 'P3P': 'CP=""NOI DSP COR NID ADMa OPTa OUR NOR""', 'X-Dc': 'chi2'}",HTTPS,False,NONE,120.355,OK,200.0
https://soulceramics.com/pages/what-is-a-cone-a-guide-to-pyrometric-cones-and-kilns,"
      What is a Cone? A Guide to Pyrometric Cones and Kilns – Soul Ceramics
    ",81.0,TOO LONG,What is a Cone? A Guide to Pyrometric Cones and Kilns,53.0,GOOD,https://www.soulceramics.com/pages/what-is-a-cone-a-guide-to-pyrometric-cones-and-kilns,87.0,https://www.soulceramics.com/pages/what-is-a-cone-a-guide-to-pyrometric-cones-and-kilns,87.0,Ceramic ware is most often fired to a “Cone” as opposed to a temperature. Your ceramic ware provider can provide guidance on which cone to fire to for your spec,160.0,GOOD,,,Pyrometric Cone Chart,21.0,TOO SHORT,13.0,11.0,2.0,8.272727272727273,16.0,0.0,1.0,text/html; charset=utf-8,"Thu, 09 Nov 2017 04:39:24 GMT","{'Server': 'nginx', 'Date': 'Thu, 09 Nov 2017 04:39:24 GMT', 'Content-Type': 'text/html; charset=utf-8', 'Transfer-Encoding': 'chunked', 'Connection': 'keep-alive', 'X-Sorting-Hat-PodId': '28', 'X-Sorting-Hat-PodId-Cached': '1', 'X-Sorting-Hat-ShopId': '8362769', 'X-Sorting-Hat-Section': 'pod', 'X-Sorting-Hat-ShopId-Cached': '1', 'Access-Control-Allow-Origin': '*', 'X-ShopId': '8362769', 'X-ShardId': '28', 'Content-Language': 'en', 'Content-Encoding': 'gzip', 'Strict-Transport-Security': 'max-age=7889238', 'ETag': 'cacheable:f6b64cf49e51018577a9c6c7d5ab64bf', 'X-Alternate-Cache-Key': 'cacheable:aebb62c629a712f9ab96fb6afc1c12cb', 'X-Cache': 'hit, server', 'Set-Cookie': 'secure_customer_sig=; path=/; expires=Mon, 09 Nov 2037 04:39:24 -0000; secure; HttpOnly, _landing_page=%2Fpages%2Fwhat-is-a-cone-a-guide-to-pyrometric-cones-and-kilns; Expires=Thu, 23-Nov-17 04:39:24 GMT; Path=/; HttpOnly, _orig_referrer=; Expires=Thu, 23-Nov-17 04:39:24 GMT; Path=/; HttpOnly, cart_sig=; path=/; expires=Thu, 23 Nov 2017 04:39:24 -0000; HttpOnly', 'X-Request-Id': '02da7f9b-1480-46dc-bd60-44d7ef4ace10', 'Content-Security-Policy': 'block-all-mixed-content; upgrade-insecure-requests; report-uri /csp-report?source%5Baction%5D=pages&source%5Bapp%5D=Shopify&source%5Bcontroller%5D=storefront_section%2Fshop&source%5Bsection%5D=storefront&source%5Buuid%5D=02da7f9b-1480-46dc-bd60-44d7ef4ace10', 'X-Content-Type-Options': 'nosniff, nosniff', 'X-Download-Options': 'noopen', 'X-Permitted-Cross-Domain-Policies': 'none', 'X-XSS-Protection': '1; mode=block; report=/xss-report?source%5Baction%5D=pages&source%5Bapp%5D=Shopify&source%5Bcontroller%5D=storefront_section%2Fshop&source%5Bsection%5D=storefront&source%5Buuid%5D=02da7f9b-1480-46dc-bd60-44d7ef4ace10', 'P3P': 'CP=""NOI DSP COR NID ADMa OPTa OUR NOR""', 'X-Dc': 'chi2'}",HTTPS,False,NONE,22.547,OK,200.0
https://soulceramics.com/pages/a-knife-makers-guide-to-evenheat-heat-treat-ovens,"
      A Knife Maker's Guide to Evenheat Heat Treat Ovens – Soul Ceramics
    ",78.0,LONG,A Knife Maker's Guide to Evenheat Heat Treat Ovens,50.0,GOOD,https://www.soulceramics.com/pages/a-knife-makers-guide-to-evenheat-heat-treat-ovens,84.0,https://www.soulceramics.com/pages/a-knife-makers-guide-to-evenheat-heat-treat-ovens,84.0,Are you a knife maker looking to buy a new Evenheat heat treating oven for your blades? We explain all the options to help you choose the perfect knife oven.,157.0,GOOD,,,"Evenheat Knife Oven Series: KH, KF and KO",41.0,GOOD,21.0,20.0,1.0,16.2,49.0,0.0,1.0,text/html; charset=utf-8,"Thu, 09 Nov 2017 04:40:08 GMT","{'Server': 'nginx', 'Date': 'Thu, 09 Nov 2017 04:40:08 GMT', 'Content-Type': 'text/html; charset=utf-8', 'Transfer-Encoding': 'chunked', 'Connection': 'keep-alive', 'X-Sorting-Hat-PodId': '28', 'X-Sorting-Hat-PodId-Cached': '1', 'X-Sorting-Hat-ShopId': '8362769', 'X-Sorting-Hat-Section': 'pod', 'X-Sorting-Hat-ShopId-Cached': '1', 'Access-Control-Allow-Origin': '*', 'X-ShopId': '8362769', 'X-ShardId': '28', 'Content-Language': 'en', 'Content-Encoding': 'gzip', 'Strict-Transport-Security': 'max-age=7889238', 'ETag': 'cacheable:3ea50dcaf98a3674f25360c9f3a25d9b', 'X-Alternate-Cache-Key': 'cacheable:47c8f21978931c5aed71bf28973e46fe', 'X-Cache': 'hit, server', 'Set-Cookie': 'secure_customer_sig=; path=/; expires=Mon, 09 Nov 2037 04:40:08 -0000; secure; HttpOnly, _landing_page=%2Fpages%2Fa-knife-makers-guide-to-evenheat-heat-treat-ovens; Expires=Thu, 23-Nov-17 04:40:08 GMT; Path=/; HttpOnly, _orig_referrer=; Expires=Thu, 23-Nov-17 04:40:08 GMT; Path=/; HttpOnly, cart_sig=; path=/; expires=Thu, 23 Nov 2017 04:40:08 -0000; HttpOnly', 'X-Request-Id': '355c4d52-ffc5-41f3-aaa8-3a103cf573b0', 'Content-Security-Policy': 'block-all-mixed-content; upgrade-insecure-requests; report-uri /csp-report?source%5Baction%5D=pages&source%5Bapp%5D=Shopify&source%5Bcontroller%5D=storefront_section%2Fshop&source%5Bsection%5D=storefront&source%5Buuid%5D=355c4d52-ffc5-41f3-aaa8-3a103cf573b0', 'X-Content-Type-Options': 'nosniff, nosniff', 'X-Download-Options': 'noopen', 'X-Permitted-Cross-Domain-Policies': 'none', 'X-XSS-Protection': '1; mode=block; report=/xss-report?source%5Baction%5D=pages&source%5Bapp%5D=Shopify&source%5Bcontroller%5D=storefront_section%2Fshop&source%5Bsection%5D=storefront&source%5Buuid%5D=355c4d52-ffc5-41f3-aaa8-3a103cf573b0', 'P3P': 'CP=""NOI DSP COR NID ADMa OPTa OUR NOR""', 'X-Dc': 'chi2'}",HTTPS,False,NONE,58.23,OK,200.0
https://soulceramics.com/pages/taking-care-of-your-kiln-proper-maintenance,"
      Taking Care of Your Kiln: Proper Maintenance – Soul Ceramics
    ",72.0,LONG,Taking Care of Your Kiln: Proper Maintenance,44.0,GOOD,https://www.soulceramics.com/pages/taking-care-of-your-kiln-proper-maintenance,78.0,https://www.soulceramics.com/pages/taking-care-of-your-kiln-proper-maintenance,78.0,"Taking Care of Your Kiln: Proper Maintenance With proper maintenance, you can add many extra years of life to your kiln and elements by following a few guidelin",160.0,GOOD,,,,,,13.0,11.0,2.0,8.272727272727273,16.0,0.0,1.0,text/html; charset=utf-8,"Thu, 09 Nov 2017 04:40:10 GMT","{'Server': 'nginx', 'Date': 'Thu, 09 Nov 2017 04:40:10 GMT', 'Content-Type': 'text/html; charset=utf-8', 'Transfer-Encoding': 'chunked', 'Connection': 'keep-alive', 'X-Sorting-Hat-PodId': '28', 'X-Sorting-Hat-PodId-Cached': '1', 'X-Sorting-Hat-ShopId': '8362769', 'X-Sorting-Hat-Section': 'pod', 'X-Sorting-Hat-ShopId-Cached': '1', 'Access-Control-Allow-Origin': '*', 'X-ShopId': '8362769', 'X-ShardId': '28', 'Content-Language': 'en', 'Content-Encoding': 'gzip', 'Strict-Transport-Security': 'max-age=7889238', 'ETag': 'cacheable:a039ba02f6ed868f1da1fd8ede7f6a67', 'X-Alternate-Cache-Key': 'cacheable:16666143106aa9a88f8765dd2d5a9e8c', 'X-Cache': 'hit, server', 'Set-Cookie': 'secure_customer_sig=; path=/; expires=Mon, 09 Nov 2037 04:40:10 -0000; secure; HttpOnly, _landing_page=%2Fpages%2Ftaking-care-of-your-kiln-proper-maintenance; Expires=Thu, 23-Nov-17 04:40:10 GMT; Path=/; HttpOnly, _orig_referrer=; Expires=Thu, 23-Nov-17 04:40:10 GMT; Path=/; HttpOnly, cart_sig=; path=/; expires=Thu, 23 Nov 2017 04:40:10 -0000; HttpOnly', 'X-Request-Id': '12cfd486-57eb-4f9d-aa9a-978dafda24f7', 'Content-Security-Policy': 'block-all-mixed-content; upgrade-insecure-requests; report-uri /csp-report?source%5Baction%5D=pages&source%5Bapp%5D=Shopify&source%5Bcontroller%5D=storefront_section%2Fshop&source%5Bsection%5D=storefront&source%5Buuid%5D=12cfd486-57eb-4f9d-aa9a-978dafda24f7', 'X-Content-Type-Options': 'nosniff, nosniff', 'X-Download-Options': 'noopen', 'X-Permitted-Cross-Domain-Policies': 'none', 'X-XSS-Protection': '1; mode=block; report=/xss-report?source%5Baction%5D=pages&source%5Bapp%5D=Shopify&source%5Bcontroller%5D=storefront_section%2Fshop&source%5Bsection%5D=storefront&source%5Buuid%5D=12cfd486-57eb-4f9d-aa9a-978dafda24f7', 'P3P': 'CP=""NOI DSP COR NID ADMa OPTa OUR NOR""', 'X-Dc': 'chi2'}",HTTPS,False,NONE,988.564,OK,200.0
https://soulceramics.com/pages/the-best-kilns-for-beginners,"
      The Best Ceramic & Glass Kilns for Beginners | Soul Ceramics
    ",72.0,LONG,The Best Ceramic and Glass Kilns for Beginners,46.0,GOOD,https://www.soulceramics.com/pages/the-best-kilns-for-beginners,63.0,https://www.soulceramics.com/pages/the-best-kilns-for-beginners,63.0,"If you’re a beginner, choosing the right ceramic or glass kiln can be stressful but it shouldn’t be. Find out everything you need to know in this beginner’s guide to kilns.",172.0,TOO LONG,,,What are the Best Ceramic and Glass Kilns for Beginners?,56.0,GOOD,12.0,11.0,1.0,8.272727272727273,16.0,0.0,1.0,text/html; charset=utf-8,"Thu, 09 Nov 2017 04:39:08 GMT","{'Server': 'nginx', 'Date': 'Thu, 09 Nov 2017 04:39:08 GMT', 'Content-Type': 'text/html; charset=utf-8', 'Transfer-Encoding': 'chunked', 'Connection': 'keep-alive', 'X-Sorting-Hat-PodId': '28', 'X-Sorting-Hat-PodId-Cached': '0', 'X-Sorting-Hat-ShopId': '8362769', 'X-Sorting-Hat-Section': 'pod', 'X-Sorting-Hat-ShopId-Cached': '0', 'Access-Control-Allow-Origin': '*', 'X-ShopId': '8362769', 'X-ShardId': '28', 'Content-Language': 'en', 'Content-Encoding': 'gzip', 'Strict-Transport-Security': 'max-age=7889238', 'ETag': 'cacheable:d2df28e2c7d5bb0057013906359b0136', 'X-Alternate-Cache-Key': 'cacheable:6759e0f26377d0e915274b4ef6c8342a', 'X-Cache': 'hit, server', 'Set-Cookie': 'secure_customer_sig=; path=/; expires=Mon, 09 Nov 2037 04:39:08 -0000; secure; HttpOnly, _landing_page=%2Fpages%2Fthe-best-kilns-for-beginners; Expires=Thu, 23-Nov-17 04:39:08 GMT; Path=/; HttpOnly, _orig_referrer=; Expires=Thu, 23-Nov-17 04:39:08 GMT; Path=/; HttpOnly, cart_sig=; path=/; expires=Thu, 23 Nov 2017 04:39:08 -0000; HttpOnly', 'X-Request-Id': '54d4b27b-9bb6-400c-b0c0-b42711ef21ff', 'Content-Security-Policy': 'block-all-mixed-content; upgrade-insecure-requests; report-uri /csp-report?source%5Baction%5D=pages&source%5Bapp%5D=Shopify&source%5Bcontroller%5D=storefront_section%2Fshop&source%5Bsection%5D=storefront&source%5Buuid%5D=54d4b27b-9bb6-400c-b0c0-b42711ef21ff', 'X-Content-Type-Options': 'nosniff, nosniff', 'X-Download-Options': 'noopen', 'X-Permitted-Cross-Domain-Policies': 'none', 'X-XSS-Protection': '1; mode=block; report=/xss-report?source%5Baction%5D=pages&source%5Bapp%5D=Shopify&source%5Bcontroller%5D=storefront_section%2Fshop&source%5Bsection%5D=storefront&source%5Buuid%5D=54d4b27b-9bb6-400c-b0c0-b42711ef21ff', 'P3P': 'CP=""NOI DSP COR NID ADMa OPTa OUR NOR""', 'X-Dc': 'chi2'}",HTTPS,False,NONE,6.045,OK,200.0
https://soulceramics.com/collections/heat-treat-ovens,"
      Heat Treat Ovens | Lowest Prices Guaranteed | Soul Ceramics
    ",71.0,LONG,Heat Treat Ovens,16.0,TOO SHORT,https://www.soulceramics.com/collections/heat-treat-ovens,57.0,https://www.soulceramics.com/collections/heat-treat-ovens,57.0,Soul Ceramics has the largest selection of Evenheat heat treat ovens for sale at the guaranteed lowest prices.,110.0,GOOD,,,Evenheat Heat Treat Ovens for Sale,34.0,TOO SHORT,29.0,28.0,1.0,32.107142857142854,54.0,0.0,1.0,text/html; charset=utf-8,"Thu, 09 Nov 2017 04:39:26 GMT","{'Server': 'nginx', 'Date': 'Thu, 09 Nov 2017 04:39:26 GMT', 'Content-Type': 'text/html; charset=utf-8', 'Transfer-Encoding': 'chunked', 'Connection': 'keep-alive', 'X-Sorting-Hat-PodId': '28', 'X-Sorting-Hat-PodId-Cached': '1', 'X-Sorting-Hat-ShopId': '8362769', 'X-Sorting-Hat-Section': 'pod', 'X-Sorting-Hat-ShopId-Cached': '1', 'Access-Control-Allow-Origin': '*', 'X-ShopId': '8362769', 'X-ShardId': '28', 'Content-Language': 'en', 'Content-Encoding': 'gzip', 'Strict-Transport-Security': 'max-age=7889238', 'ETag': 'cacheable:374d83206ac61496d9c132a8ba8d8b7a', 'X-Alternate-Cache-Key': 'cacheable:33371c2d4f3fcf6b22f5f2115c2defb1', 'X-Cache': 'hit, server', 'Set-Cookie': 'secure_customer_sig=; path=/; expires=Mon, 09 Nov 2037 04:39:26 -0000; secure; HttpOnly, _landing_page=%2Fcollections%2Fheat-treat-ovens; Expires=Thu, 23-Nov-17 04:39:26 GMT; Path=/; HttpOnly, _orig_referrer=; Expires=Thu, 23-Nov-17 04:39:26 GMT; Path=/; HttpOnly, cart_sig=; path=/; expires=Thu, 23 Nov 2017 04:39:26 -0000; HttpOnly', 'X-Request-Id': 'a120b7d0-d9fb-41ba-b0ec-27244891ddcd', 'Content-Security-Policy': 'block-all-mixed-content; upgrade-insecure-requests; report-uri /csp-report?source%5Baction%5D=collections&source%5Bapp%5D=Shopify&source%5Bcontroller%5D=storefront_section%2Fshop&source%5Bsection%5D=storefront&source%5Buuid%5D=a120b7d0-d9fb-41ba-b0ec-27244891ddcd', 'X-Content-Type-Options': 'nosniff, nosniff', 'X-Download-Options': 'noopen', 'X-Permitted-Cross-Domain-Policies': 'none', 'X-XSS-Protection': '1; mode=block; report=/xss-report?source%5Baction%5D=collections&source%5Bapp%5D=Shopify&source%5Bcontroller%5D=storefront_section%2Fshop&source%5Bsection%5D=storefront&source%5Buuid%5D=a120b7d0-d9fb-41ba-b0ec-27244891ddcd', 'P3P': 'CP=""NOI DSP COR NID ADMa OPTa OUR NOR""', 'X-Dc': 'chi2'}",HTTPS,False,NONE,5.484,OK,200.0
https://soulceramics.com/collections/small-kilns,"
      Small Kilns at the Lowest Prices Guaranteed | Soul Ceramics
    ",71.0,LONG,Small Kilns,11.0,TOO SHORT,https://www.soulceramics.com/collections/small-kilns,52.0,https://www.soulceramics.com/collections/small-kilns,52.0,Looking to buy a small kiln? Soul Ceramics offers the largest selection of small kilns online at the lowest prices guaranteed.,126.0,GOOD,,,"Small Kilns from Evenheat, Jen-Ken, and AIM Kilns",49.0,GOOD,29.0,28.0,1.0,31.285714285714285,51.0,0.0,1.0,text/html; charset=utf-8,"Thu, 09 Nov 2017 04:39:40 GMT","{'Server': 'nginx', 'Date': 'Thu, 09 Nov 2017 04:39:40 GMT', 'Content-Type': 'text/html; charset=utf-8', 'Transfer-Encoding': 'chunked', 'Connection': 'keep-alive', 'X-Sorting-Hat-PodId': '28', 'X-Sorting-Hat-PodId-Cached': '1', 'X-Sorting-Hat-ShopId': '8362769', 'X-Sorting-Hat-Section': 'pod', 'X-Sorting-Hat-ShopId-Cached': '1', 'Access-Control-Allow-Origin': '*', 'X-ShopId': '8362769', 'X-ShardId': '28', 'Content-Language': 'en', 'Content-Encoding': 'gzip', 'Strict-Transport-Security': 'max-age=7889238', 'ETag': 'cacheable:4ee67892e9fa377e333c48a34df8e6f2', 'X-Alternate-Cache-Key': 'cacheable:f414f496100b5b17cff4044077bfd3e9', 'X-Cache': 'hit, server', 'Set-Cookie': 'secure_customer_sig=; path=/; expires=Mon, 09 Nov 2037 04:39:40 -0000; secure; HttpOnly, _landing_page=%2Fcollections%2Fsmall-kilns; Expires=Thu, 23-Nov-17 04:39:40 GMT; Path=/; HttpOnly, _orig_referrer=; Expires=Thu, 23-Nov-17 04:39:40 GMT; Path=/; HttpOnly, cart_sig=; path=/; expires=Thu, 23 Nov 2017 04:39:40 -0000; HttpOnly', 'X-Request-Id': '73280a9b-e725-489c-9f02-8b880921a21c', 'Content-Security-Policy': 'block-all-mixed-content; upgrade-insecure-requests; report-uri /csp-report?source%5Baction%5D=collections&source%5Bapp%5D=Shopify&source%5Bcontroller%5D=storefront_section%2Fshop&source%5Bsection%5D=storefront&source%5Buuid%5D=73280a9b-e725-489c-9f02-8b880921a21c', 'X-Content-Type-Options': 'nosniff, nosniff', 'X-Download-Options': 'noopen', 'X-Permitted-Cross-Domain-Policies': 'none', 'X-XSS-Protection': '1; mode=block; report=/xss-report?source%5Baction%5D=collections&source%5Bapp%5D=Shopify&source%5Bcontroller%5D=storefront_section%2Fshop&source%5Bsection%5D=storefront&source%5Buuid%5D=73280a9b-e725-489c-9f02-8b880921a21c', 'P3P': 'CP=""NOI DSP COR NID ADMa OPTa OUR NOR""', 'X-Dc': 'chi2'}",HTTPS,False,NONE,31.962,OK,200.0
https://soulceramics.com/collections/ceramic-kilns,"
      Ceramic Kilns | Lowest Prices Guaranteed | Soul Ceramics
    ",68.0,LONG,Ceramic Kilns,13.0,TOO SHORT,https://www.soulceramics.com/collections/ceramic-kilns,54.0,https://www.soulceramics.com/collections/ceramic-kilns,54.0,Soul Ceramics has the largest selection of Evenheat and JenKen ceramic kilns for sale at the guaranteed lowest prices!,118.0,GOOD,,,Evenheat and JenKen Pottery and Ceramic Kilns for Sale,54.0,GOOD,36.0,35.0,1.0,36.628571428571426,65.0,0.0,1.0,text/html; charset=utf-8,"Thu, 09 Nov 2017 04:39:29 GMT","{'Server': 'nginx', 'Date': 'Thu, 09 Nov 2017 04:39:29 GMT', 'Content-Type': 'text/html; charset=utf-8', 'Transfer-Encoding': 'chunked', 'Connection': 'keep-alive', 'X-Sorting-Hat-PodId': '28', 'X-Sorting-Hat-PodId-Cached': '1', 'X-Sorting-Hat-ShopId': '8362769', 'X-Sorting-Hat-Section': 'pod', 'X-Sorting-Hat-ShopId-Cached': '1', 'Access-Control-Allow-Origin': '*', 'X-ShopId': '8362769', 'X-ShardId': '28', 'Content-Language': 'en', 'Content-Encoding': 'gzip', 'Strict-Transport-Security': 'max-age=7889238', 'ETag': 'cacheable:f5d0c53d5be66f84677af5307a19bfd9', 'X-Alternate-Cache-Key': 'cacheable:99a16928ac7b64c831cbc0eee1fc075b', 'X-Cache': 'hit, server', 'Set-Cookie': 'secure_customer_sig=; path=/; expires=Mon, 09 Nov 2037 04:39:29 -0000; secure; HttpOnly, _landing_page=%2Fcollections%2Fceramic-kilns; Expires=Thu, 23-Nov-17 04:39:29 GMT; Path=/; HttpOnly, _orig_referrer=; Expires=Thu, 23-Nov-17 04:39:29 GMT; Path=/; HttpOnly, cart_sig=; path=/; expires=Thu, 23 Nov 2017 04:39:29 -0000; HttpOnly', 'X-Request-Id': '59db2e03-0ada-45eb-bd00-894a4bfc6886', 'Content-Security-Policy': 'block-all-mixed-content; upgrade-insecure-requests; report-uri /csp-report?source%5Baction%5D=collections&source%5Bapp%5D=Shopify&source%5Bcontroller%5D=storefront_section%2Fshop&source%5Bsection%5D=storefront&source%5Buuid%5D=59db2e03-0ada-45eb-bd00-894a4bfc6886', 'X-Content-Type-Options': 'nosniff, nosniff', 'X-Download-Options': 'noopen', 'X-Permitted-Cross-Domain-Policies': 'none', 'X-XSS-Protection': '1; mode=block; report=/xss-report?source%5Baction%5D=collections&source%5Bapp%5D=Shopify&source%5Bcontroller%5D=storefront_section%2Fshop&source%5Bsection%5D=storefront&source%5Buuid%5D=59db2e03-0ada-45eb-bd00-894a4bfc6886', 'P3P': 'CP=""NOI DSP COR NID ADMa OPTa OUR NOR""', 'X-Dc': 'chi2'}",HTTPS,False,NONE,31.6,OK,200.0
https://soulceramics.com/pages/pottery-resource-and-education-center,"
      Pottery and Knife Making Resource Center – Soul Ceramics
    ",68.0,LONG,Pottery and Knife Making Resource Center,40.0,GOOD,https://www.soulceramics.com/pages/pottery-resource-and-education-center,72.0,https://www.soulceramics.com/pages/pottery-resource-and-education-center,72.0,Welcome to Soul Ceramics' Pottery Resource and Education Center. Here you can find articles designed to help you through the entire life cycle of your kiln - fr,160.0,GOOD,,,Buyer's Guides,14.0,TOO SHORT,12.0,11.0,1.0,8.272727272727273,16.0,0.0,1.0,text/html; charset=utf-8,"Thu, 09 Nov 2017 04:39:49 GMT","{'Server': 'nginx', 'Date': 'Thu, 09 Nov 2017 04:39:49 GMT', 'Content-Type': 'text/html; charset=utf-8', 'Transfer-Encoding': 'chunked', 'Connection': 'keep-alive', 'X-Sorting-Hat-PodId': '28', 'X-Sorting-Hat-PodId-Cached': '1', 'X-Sorting-Hat-ShopId': '8362769', 'X-Sorting-Hat-Section': 'pod', 'X-Sorting-Hat-ShopId-Cached': '1', 'Access-Control-Allow-Origin': '*', 'X-ShopId': '8362769', 'X-ShardId': '28', 'Content-Language': 'en', 'Content-Encoding': 'gzip', 'Strict-Transport-Security': 'max-age=7889238', 'ETag': 'cacheable:bc2259a47487cd7ad6701bb141c35e8e', 'X-Alternate-Cache-Key': 'cacheable:c7ad4919afc24f26b6d2969c1d03d915', 'X-Cache': 'hit, server', 'Set-Cookie': 'secure_customer_sig=; path=/; expires=Mon, 09 Nov 2037 04:39:49 -0000; secure; HttpOnly, _landing_page=%2Fpages%2Fpottery-resource-and-education-center; Expires=Thu, 23-Nov-17 04:39:49 GMT; Path=/; HttpOnly, _orig_referrer=; Expires=Thu, 23-Nov-17 04:39:49 GMT; Path=/; HttpOnly, cart_sig=; path=/; expires=Thu, 23 Nov 2017 04:39:49 -0000; HttpOnly', 'X-Request-Id': '045b82a6-2690-4089-b098-b1cc6e13fd46', 'Content-Security-Policy': 'block-all-mixed-content; upgrade-insecure-requests; report-uri /csp-report?source%5Baction%5D=pages&source%5Bapp%5D=Shopify&source%5Bcontroller%5D=storefront_section%2Fshop&source%5Bsection%5D=storefront&source%5Buuid%5D=045b82a6-2690-4089-b098-b1cc6e13fd46', 'X-Content-Type-Options': 'nosniff, nosniff', 'X-Download-Options': 'noopen', 'X-Permitted-Cross-Domain-Policies': 'none', 'X-XSS-Protection': '1; mode=block; report=/xss-report?source%5Baction%5D=pages&source%5Bapp%5D=Shopify&source%5Bcontroller%5D=storefront_section%2Fshop&source%5Bsection%5D=storefront&source%5Buuid%5D=045b82a6-2690-4089-b098-b1cc6e13fd46', 'P3P': 'CP=""NOI DSP COR NID ADMa OPTa OUR NOR""', 'X-Dc': 'chi2'}",HTTPS,False,NONE,22.448,OK,200.0
https://soulceramics.com/pages/the-best-ceramic-kilns-for-home-use,"
      The Best Ceramic Kilns for Home Use | Soul Ceramics
    ",63.0,LONG,The Best Ceramic Kilns for Home Use,35.0,TOO SHORT,https://www.soulceramics.com/pages/the-best-ceramic-kilns-for-home-use,70.0,https://www.soulceramics.com/pages/the-best-ceramic-kilns-for-home-use,70.0,"In this post, Soul Ceramics helps you to find the best ceramic kiln for home use by providing a thorough step-by-step guide. Find everything you need to know about kilns here.",175.0,TOO LONG,,,Questions to Ask Yourself When Looking for Kilns,48.0,GOOD,17.0,16.0,1.0,16.9375,61.0,0.0,1.0,text/html; charset=utf-8,"Thu, 09 Nov 2017 04:40:01 GMT","{'Server': 'nginx', 'Date': 'Thu, 09 Nov 2017 04:40:01 GMT', 'Content-Type': 'text/html; charset=utf-8', 'Transfer-Encoding': 'chunked', 'Connection': 'keep-alive', 'X-Sorting-Hat-PodId': '28', 'X-Sorting-Hat-PodId-Cached': '1', 'X-Sorting-Hat-ShopId': '8362769', 'X-Sorting-Hat-Section': 'pod', 'X-Sorting-Hat-ShopId-Cached': '1', 'Access-Control-Allow-Origin': '*', 'X-ShopId': '8362769', 'X-ShardId': '28', 'Content-Language': 'en', 'Content-Encoding': 'gzip', 'Strict-Transport-Security': 'max-age=7889238', 'ETag': 'cacheable:e412c8d43d43ad69c40cd2beb42609ed', 'X-Alternate-Cache-Key': 'cacheable:f04adb72ea8d37b93be053fd7bb3a6c5', 'X-Cache': 'hit, server', 'Set-Cookie': 'secure_customer_sig=; path=/; expires=Mon, 09 Nov 2037 04:40:01 -0000; secure; HttpOnly, _landing_page=%2Fpages%2Fthe-best-ceramic-kilns-for-home-use; Expires=Thu, 23-Nov-17 04:40:01 GMT; Path=/; HttpOnly, _orig_referrer=; Expires=Thu, 23-Nov-17 04:40:01 GMT; Path=/; HttpOnly, cart_sig=; path=/; expires=Thu, 23 Nov 2017 04:40:01 -0000; HttpOnly', 'X-Request-Id': 'd7886d46-2000-4ae5-964d-5339c3391110', 'Content-Security-Policy': 'block-all-mixed-content; upgrade-insecure-requests; report-uri /csp-report?source%5Baction%5D=pages&source%5Bapp%5D=Shopify&source%5Bcontroller%5D=storefront_section%2Fshop&source%5Bsection%5D=storefront&source%5Buuid%5D=d7886d46-2000-4ae5-964d-5339c3391110', 'X-Content-Type-Options': 'nosniff, nosniff', 'X-Download-Options': 'noopen', 'X-Permitted-Cross-Domain-Policies': 'none', 'X-XSS-Protection': '1; mode=block; report=/xss-report?source%5Baction%5D=pages&source%5Bapp%5D=Shopify&source%5Bcontroller%5D=storefront_section%2Fshop&source%5Bsection%5D=storefront&source%5Buuid%5D=d7886d46-2000-4ae5-964d-5339c3391110', 'P3P': 'CP=""NOI DSP COR NID ADMa OPTa OUR NOR""', 'X-Dc': 'chi2'}",HTTPS,False,NONE,39.029,OK,200.0
https://soulceramics.com/pages/best-kilns-for-bottle-slumping,"
      The Best Kilns for Bottle Slumping | Soul Ceramics
    ",62.0,LONG,The Best Kilns for Bottle Slumping,34.0,TOO SHORT,https://www.soulceramics.com/pages/best-kilns-for-bottle-slumping,65.0,https://www.soulceramics.com/pages/best-kilns-for-bottle-slumping,65.0,It can be hard to choose the best kiln for bottle slumping without experience. Read this step-by-step guide by Soul Ceramics to find the right fit for your needs.,162.0,TOO LONG,,,Requirements for a Kiln for Bottle Slumping,43.0,GOOD,12.0,11.0,1.0,8.272727272727273,16.0,0.0,1.0,text/html; charset=utf-8,"Thu, 09 Nov 2017 04:39:42 GMT","{'Server': 'nginx', 'Date': 'Thu, 09 Nov 2017 04:39:42 GMT', 'Content-Type': 'text/html; charset=utf-8', 'Transfer-Encoding': 'chunked', 'Connection': 'keep-alive', 'X-Sorting-Hat-PodId': '28', 'X-Sorting-Hat-PodId-Cached': '1', 'X-Sorting-Hat-ShopId': '8362769', 'X-Sorting-Hat-Section': 'pod', 'X-Sorting-Hat-ShopId-Cached': '1', 'Access-Control-Allow-Origin': '*', 'X-ShopId': '8362769', 'X-ShardId': '28', 'Content-Language': 'en', 'Content-Encoding': 'gzip', 'Strict-Transport-Security': 'max-age=7889238', 'ETag': 'cacheable:5bc2193680dbbb6eb72e732bb05702bd', 'X-Alternate-Cache-Key': 'cacheable:27c3f06fa5fa99c08cdf8094d2292b5f', 'X-Cache': 'hit, server', 'Set-Cookie': 'secure_customer_sig=; path=/; expires=Mon, 09 Nov 2037 04:39:42 -0000; secure; HttpOnly, _landing_page=%2Fpages%2Fbest-kilns-for-bottle-slumping; Expires=Thu, 23-Nov-17 04:39:42 GMT; Path=/; HttpOnly, _orig_referrer=; Expires=Thu, 23-Nov-17 04:39:42 GMT; Path=/; HttpOnly, cart_sig=; path=/; expires=Thu, 23 Nov 2017 04:39:42 -0000; HttpOnly', 'X-Request-Id': '4d834f6f-5fdd-4f13-b325-7df47c1f0242', 'Content-Security-Policy': 'block-all-mixed-content; upgrade-insecure-requests; report-uri /csp-report?source%5Baction%5D=pages&source%5Bapp%5D=Shopify&source%5Bcontroller%5D=storefront_section%2Fshop&source%5Bsection%5D=storefront&source%5Buuid%5D=4d834f6f-5fdd-4f13-b325-7df47c1f0242', 'X-Content-Type-Options': 'nosniff, nosniff', 'X-Download-Options': 'noopen', 'X-Permitted-Cross-Domain-Policies': 'none', 'X-XSS-Protection': '1; mode=block; report=/xss-report?source%5Baction%5D=pages&source%5Bapp%5D=Shopify&source%5Bcontroller%5D=storefront_section%2Fshop&source%5Bsection%5D=storefront&source%5Buuid%5D=4d834f6f-5fdd-4f13-b325-7df47c1f0242', 'P3P': 'CP=""NOI DSP COR NID ADMa OPTa OUR NOR""', 'X-Dc': 'chi2'}",HTTPS,False,NONE,47.731,OK,200.0
https://soulceramics.com/pages/best-kilns-for-glass-fusing,"
      The Best Kilns for Glass Fusing | Soul Ceramics
    ",59.0,GOOD,The Best Kilns for Glass Fusing,31.0,TOO SHORT,https://www.soulceramics.com/pages/best-kilns-for-glass-fusing,62.0,https://www.soulceramics.com/pages/best-kilns-for-glass-fusing,62.0,Choosing the best kiln for glass fusing can be a difficult task. Follow this step-by-step guide from Soul Ceramics for help finding the perfect kiln to match your glass fusing needs.,182.0,TOO LONG,,,Requirements for Glass Fusing Kilns,35.0,TOO SHORT,12.0,11.0,1.0,8.272727272727273,16.0,0.0,1.0,text/html; charset=utf-8,"Thu, 09 Nov 2017 04:39:15 GMT","{'Server': 'nginx', 'Date': 'Thu, 09 Nov 2017 04:39:15 GMT', 'Content-Type': 'text/html; charset=utf-8', 'Transfer-Encoding': 'chunked', 'Connection': 'keep-alive', 'X-Sorting-Hat-PodId': '28', 'X-Sorting-Hat-PodId-Cached': '1', 'X-Sorting-Hat-ShopId': '8362769', 'X-Sorting-Hat-Section': 'pod', 'X-Sorting-Hat-ShopId-Cached': '1', 'Access-Control-Allow-Origin': '*', 'X-ShopId': '8362769', 'X-ShardId': '28', 'Content-Language': 'en', 'Content-Encoding': 'gzip', 'Strict-Transport-Security': 'max-age=7889238', 'ETag': 'cacheable:de5e2855cdb673878017744b753ddb51', 'X-Alternate-Cache-Key': 'cacheable:296908cb791e17e239e15effc266d733', 'X-Cache': 'hit, server', 'Set-Cookie': 'secure_customer_sig=; path=/; expires=Mon, 09 Nov 2037 04:39:15 -0000; secure; HttpOnly, _landing_page=%2Fpages%2Fbest-kilns-for-glass-fusing; Expires=Thu, 23-Nov-17 04:39:15 GMT; Path=/; HttpOnly, _orig_referrer=; Expires=Thu, 23-Nov-17 04:39:15 GMT; Path=/; HttpOnly, cart_sig=; path=/; expires=Thu, 23 Nov 2017 04:39:15 -0000; HttpOnly', 'X-Request-Id': '5ced22af-fa40-4c6a-90f3-65dd32a5d8a2', 'Content-Security-Policy': 'block-all-mixed-content; upgrade-insecure-requests; report-uri /csp-report?source%5Baction%5D=pages&source%5Bapp%5D=Shopify&source%5Bcontroller%5D=storefront_section%2Fshop&source%5Bsection%5D=storefront&source%5Buuid%5D=5ced22af-fa40-4c6a-90f3-65dd32a5d8a2', 'X-Content-Type-Options': 'nosniff, nosniff', 'X-Download-Options': 'noopen', 'X-Permitted-Cross-Domain-Policies': 'none', 'X-XSS-Protection': '1; mode=block; report=/xss-report?source%5Baction%5D=pages&source%5Bapp%5D=Shopify&source%5Bcontroller%5D=storefront_section%2Fshop&source%5Bsection%5D=storefront&source%5Buuid%5D=5ced22af-fa40-4c6a-90f3-65dd32a5d8a2', 'P3P': 'CP=""NOI DSP COR NID ADMa OPTa OUR NOR""', 'X-Dc': 'chi2'}",HTTPS,False,NONE,48.988,OK,200.0
https://soulceramics.com/collections/glass,"
      Glass Fusing & Lampwork Kilns – Soul Ceramics
    ",57.0,GOOD,Glass Fusing & Lampwork Kilns,29.0,TOO SHORT,https://www.soulceramics.com/collections/glass,46.0,https://www.soulceramics.com/collections/glass,46.0,"Evenheat, JenKen and AIM Glass Fusing and Lampworking Kilns for Sale Soul Ceramics has the largest selection of Evenheat, JenKen and AIM glass kilns for sale at",160.0,GOOD,,,"Evenheat, JenKen and AIM Glass Fusing and Lampworking Kilns for Sale",68.0,GOOD,36.0,35.0,1.0,32.6,64.0,0.0,1.0,text/html; charset=utf-8,"Thu, 09 Nov 2017 04:39:05 GMT","{'Server': 'nginx', 'Date': 'Thu, 09 Nov 2017 04:39:05 GMT', 'Content-Type': 'text/html; charset=utf-8', 'Transfer-Encoding': 'chunked', 'Connection': 'keep-alive', 'X-Sorting-Hat-PodId': '28', 'X-Sorting-Hat-PodId-Cached': '1', 'X-Sorting-Hat-ShopId': '8362769', 'X-Sorting-Hat-Section': 'pod', 'X-Sorting-Hat-ShopId-Cached': '1', 'Access-Control-Allow-Origin': '*', 'X-ShopId': '8362769', 'X-ShardId': '28', 'Content-Language': 'en', 'Content-Encoding': 'gzip', 'Strict-Transport-Security': 'max-age=7889238', 'ETag': 'cacheable:5e58a69a23cf35ee28b799e6c67db973', 'X-Alternate-Cache-Key': 'cacheable:089c8153950d1d5920bf4e8b2b6ce9af', 'X-Cache': 'hit, server', 'Set-Cookie': 'secure_customer_sig=; path=/; expires=Mon, 09 Nov 2037 04:39:05 -0000; secure; HttpOnly, _landing_page=%2Fcollections%2Fglass; Expires=Thu, 23-Nov-17 04:39:05 GMT; Path=/; HttpOnly, _orig_referrer=; Expires=Thu, 23-Nov-17 04:39:05 GMT; Path=/; HttpOnly, cart_sig=; path=/; expires=Thu, 23 Nov 2017 04:39:05 -0000; HttpOnly', 'X-Request-Id': '1c592921-06bd-4e3b-af4d-9a4b97fa9f64', 'Content-Security-Policy': 'block-all-mixed-content; upgrade-insecure-requests; report-uri /csp-report?source%5Baction%5D=collections&source%5Bapp%5D=Shopify&source%5Bcontroller%5D=storefront_section%2Fshop&source%5Bsection%5D=storefront&source%5Buuid%5D=1c592921-06bd-4e3b-af4d-9a4b97fa9f64', 'X-Content-Type-Options': 'nosniff, nosniff', 'X-Download-Options': 'noopen', 'X-Permitted-Cross-Domain-Policies': 'none', 'X-XSS-Protection': '1; mode=block; report=/xss-report?source%5Baction%5D=collections&source%5Bapp%5D=Shopify&source%5Bcontroller%5D=storefront_section%2Fshop&source%5Bsection%5D=storefront&source%5Buuid%5D=1c592921-06bd-4e3b-af4d-9a4b97fa9f64', 'P3P': 'CP=""NOI DSP COR NID ADMa OPTa OUR NOR""', 'X-Dc': 'chi2'}",HTTPS,False,NONE,28.253,OK,200.0
https://soulceramics.com/pages/terms-conditions,"
      Policies, Terms, & Conditions – Soul Ceramics
    ",57.0,GOOD,"Policies, Terms, & Conditions",29.0,TOO SHORT,https://www.soulceramics.com/pages/terms-conditions,51.0,https://www.soulceramics.com/pages/terms-conditions,51.0,"Cashier’s Checks, Company Checks, &amp; Personal Checks We do not accept cashier's checks, company checks, or personal checks on orders. We only accept payment ",160.0,GOOD,,,"Cashier’s Checks, Company Checks, & Personal Checks",51.0,GOOD,12.0,11.0,1.0,8.272727272727273,16.0,0.0,1.0,text/html; charset=utf-8,"Thu, 09 Nov 2017 04:39:31 GMT","{'Server': 'nginx', 'Date': 'Thu, 09 Nov 2017 04:39:31 GMT', 'Content-Type': 'text/html; charset=utf-8', 'Transfer-Encoding': 'chunked', 'Connection': 'keep-alive', 'X-Sorting-Hat-PodId': '28', 'X-Sorting-Hat-PodId-Cached': '1', 'X-Sorting-Hat-ShopId': '8362769', 'X-Sorting-Hat-Section': 'pod', 'X-Sorting-Hat-ShopId-Cached': '1', 'Access-Control-Allow-Origin': '*', 'X-ShopId': '8362769', 'X-ShardId': '28', 'Content-Language': 'en', 'Content-Encoding': 'gzip', 'Strict-Transport-Security': 'max-age=7889238', 'ETag': 'cacheable:fe23a02379469d2fe6f59d3393e88d03', 'X-Alternate-Cache-Key': 'cacheable:78f1faa2ee373a707f36f36714f98998', 'X-Cache': 'hit, server', 'Set-Cookie': 'secure_customer_sig=; path=/; expires=Mon, 09 Nov 2037 04:39:31 -0000; secure; HttpOnly, _landing_page=%2Fpages%2Fterms-conditions; Expires=Thu, 23-Nov-17 04:39:31 GMT; Path=/; HttpOnly, _orig_referrer=; Expires=Thu, 23-Nov-17 04:39:31 GMT; Path=/; HttpOnly, cart_sig=; path=/; expires=Thu, 23 Nov 2017 04:39:31 -0000; HttpOnly', 'X-Request-Id': '9b9d6c89-d86e-4885-9f80-af809f9fc55d', 'Content-Security-Policy': 'block-all-mixed-content; upgrade-insecure-requests; report-uri /csp-report?source%5Baction%5D=pages&source%5Bapp%5D=Shopify&source%5Bcontroller%5D=storefront_section%2Fshop&source%5Bsection%5D=storefront&source%5Buuid%5D=9b9d6c89-d86e-4885-9f80-af809f9fc55d', 'X-Content-Type-Options': 'nosniff, nosniff', 'X-Download-Options': 'noopen', 'X-Permitted-Cross-Domain-Policies': 'none', 'X-XSS-Protection': '1; mode=block; report=/xss-report?source%5Baction%5D=pages&source%5Bapp%5D=Shopify&source%5Bcontroller%5D=storefront_section%2Fshop&source%5Bsection%5D=storefront&source%5Buuid%5D=9b9d6c89-d86e-4885-9f80-af809f9fc55d', 'P3P': 'CP=""NOI DSP COR NID ADMa OPTa OUR NOR""', 'X-Dc': 'chi2'}",HTTPS,False,NONE,40.949,OK,200.0
https://soulceramics.com/collections/speedball-pottery-wheels,"
      Speedball Pottery Wheels – Soul Ceramics
    ",52.0,GOOD,,,,https://www.soulceramics.com/collections/speedball-pottery-wheels,65.0,https://www.soulceramics.com/collections/speedball-pottery-wheels,65.0,,,,,,,,,16.0,15.0,1.0,18.4,53.0,0.0,1.0,text/html; charset=utf-8,"Thu, 09 Nov 2017 04:39:35 GMT","{'Server': 'nginx', 'Date': 'Thu, 09 Nov 2017 04:39:35 GMT', 'Content-Type': 'text/html; charset=utf-8', 'Transfer-Encoding': 'chunked', 'Connection': 'keep-alive', 'X-Sorting-Hat-PodId': '28', 'X-Sorting-Hat-PodId-Cached': '1', 'X-Sorting-Hat-ShopId': '8362769', 'X-Sorting-Hat-Section': 'pod', 'X-Sorting-Hat-ShopId-Cached': '1', 'Access-Control-Allow-Origin': '*', 'X-ShopId': '8362769', 'X-ShardId': '28', 'Content-Language': 'en', 'Content-Encoding': 'gzip', 'Strict-Transport-Security': 'max-age=7889238', 'ETag': 'cacheable:291e0a2bf9ba91691141b99a0985945c', 'X-Alternate-Cache-Key': 'cacheable:0118072462f56c8529d22966f285dc7e', 'X-Cache': 'hit, server', 'Set-Cookie': 'secure_customer_sig=; path=/; expires=Mon, 09 Nov 2037 04:39:35 -0000; secure; HttpOnly, _landing_page=%2Fcollections%2Fspeedball-pottery-wheels; Expires=Thu, 23-Nov-17 04:39:35 GMT; Path=/; HttpOnly, _orig_referrer=; Expires=Thu, 23-Nov-17 04:39:35 GMT; Path=/; HttpOnly, cart_sig=; path=/; expires=Thu, 23 Nov 2017 04:39:35 -0000; HttpOnly', 'X-Request-Id': '91d694a6-0528-4898-a47a-475cbb97e2bc', 'Content-Security-Policy': 'block-all-mixed-content; upgrade-insecure-requests; report-uri /csp-report?source%5Baction%5D=collections&source%5Bapp%5D=Shopify&source%5Bcontroller%5D=storefront_section%2Fshop&source%5Bsection%5D=storefront&source%5Buuid%5D=91d694a6-0528-4898-a47a-475cbb97e2bc', 'X-Content-Type-Options': 'nosniff, nosniff', 'X-Download-Options': 'noopen', 'X-Permitted-Cross-Domain-Policies': 'none', 'X-XSS-Protection': '1; mode=block; report=/xss-report?source%5Baction%5D=collections&source%5Bapp%5D=Shopify&source%5Bcontroller%5D=storefront_section%2Fshop&source%5Bsection%5D=storefront&source%5Buuid%5D=91d694a6-0528-4898-a47a-475cbb97e2bc', 'P3P': 'CP=""NOI DSP COR NID ADMa OPTa OUR NOR""', 'X-Dc': 'chi2'}",HTTPS,False,NONE,42.291,OK,200.0
https://soulceramics.com/collections/porcelain-china-kilns,"
      Porcelain & China Kilns – Soul Ceramics
    ",51.0,GOOD,Porcelain & China Kilns,23.0,TOO SHORT,https://www.soulceramics.com/collections/porcelain-china-kilns,62.0,https://www.soulceramics.com/collections/porcelain-china-kilns,62.0,Evenheat Porcelain and China Painting Kilns for Sale Soul Ceramics has the largest selection of Evenheat porcelain and china painting kilns for sale at the guar,160.0,GOOD,,,Evenheat Porcelain and China Painting Kilns for Sale,52.0,GOOD,30.0,29.0,1.0,37.96551724137931,59.0,0.0,1.0,text/html; charset=utf-8,"Thu, 09 Nov 2017 04:39:45 GMT","{'Server': 'nginx', 'Date': 'Thu, 09 Nov 2017 04:39:45 GMT', 'Content-Type': 'text/html; charset=utf-8', 'Transfer-Encoding': 'chunked', 'Connection': 'keep-alive', 'X-Sorting-Hat-PodId': '28', 'X-Sorting-Hat-PodId-Cached': '1', 'X-Sorting-Hat-ShopId': '8362769', 'X-Sorting-Hat-Section': 'pod', 'X-Sorting-Hat-ShopId-Cached': '1', 'Access-Control-Allow-Origin': '*', 'X-ShopId': '8362769', 'X-ShardId': '28', 'Content-Language': 'en', 'Content-Encoding': 'gzip', 'Strict-Transport-Security': 'max-age=7889238', 'ETag': 'cacheable:f0de83186994393c06370a7ff4d70bfe', 'X-Alternate-Cache-Key': 'cacheable:bc8c4367bf94ecc92d209c6789fb9d2c', 'X-Cache': 'hit, server', 'Set-Cookie': 'secure_customer_sig=; path=/; expires=Mon, 09 Nov 2037 04:39:45 -0000; secure; HttpOnly, _landing_page=%2Fcollections%2Fporcelain-china-kilns; Expires=Thu, 23-Nov-17 04:39:45 GMT; Path=/; HttpOnly, _orig_referrer=; Expires=Thu, 23-Nov-17 04:39:45 GMT; Path=/; HttpOnly, cart_sig=; path=/; expires=Thu, 23 Nov 2017 04:39:45 -0000; HttpOnly', 'X-Request-Id': '23cde997-fb41-4941-8fc3-4106a0096874', 'Content-Security-Policy': 'block-all-mixed-content; upgrade-insecure-requests; report-uri /csp-report?source%5Baction%5D=collections&source%5Bapp%5D=Shopify&source%5Bcontroller%5D=storefront_section%2Fshop&source%5Bsection%5D=storefront&source%5Buuid%5D=23cde997-fb41-4941-8fc3-4106a0096874', 'X-Content-Type-Options': 'nosniff, nosniff', 'X-Download-Options': 'noopen', 'X-Permitted-Cross-Domain-Policies': 'none', 'X-XSS-Protection': '1; mode=block; report=/xss-report?source%5Baction%5D=collections&source%5Bapp%5D=Shopify&source%5Bcontroller%5D=storefront_section%2Fshop&source%5Bsection%5D=storefront&source%5Buuid%5D=23cde997-fb41-4941-8fc3-4106a0096874', 'P3P': 'CP=""NOI DSP COR NID ADMa OPTa OUR NOR""', 'X-Dc': 'chi2'}",HTTPS,False,NONE,59.98,OK,200.0
https://soulceramics.com/pages/price-guarantee-policy,"
      Price Guarantee Policy – Soul Ceramics
    ",50.0,GOOD,Price Guarantee Policy,22.0,TOO SHORT,https://www.soulceramics.com/pages/price-guarantee-policy,57.0,https://www.soulceramics.com/pages/price-guarantee-policy,57.0,We work very hard to ensure that we offer the absolute best prices online. That is why we guarantee the lowest prices on the web.,129.0,GOOD,,,,,,12.0,11.0,1.0,8.272727272727273,16.0,0.0,1.0,text/html; charset=utf-8,"Thu, 09 Nov 2017 04:39:52 GMT","{'Server': 'nginx', 'Date': 'Thu, 09 Nov 2017 04:39:52 GMT', 'Content-Type': 'text/html; charset=utf-8', 'Transfer-Encoding': 'chunked', 'Connection': 'keep-alive', 'X-Sorting-Hat-PodId': '28', 'X-Sorting-Hat-PodId-Cached': '1', 'X-Sorting-Hat-ShopId': '8362769', 'X-Sorting-Hat-Section': 'pod', 'X-Sorting-Hat-ShopId-Cached': '1', 'Access-Control-Allow-Origin': '*', 'X-ShopId': '8362769', 'X-ShardId': '28', 'Content-Language': 'en', 'Content-Encoding': 'gzip', 'Strict-Transport-Security': 'max-age=7889238', 'ETag': 'cacheable:f031c0f740a61fb7131ed9ca7e58ad22', 'X-Alternate-Cache-Key': 'cacheable:3a5513817ce5480df7d45bfcfb6df56a', 'X-Cache': 'hit, server', 'Set-Cookie': 'secure_customer_sig=; path=/; expires=Mon, 09 Nov 2037 04:39:52 -0000; secure; HttpOnly, _landing_page=%2Fpages%2Fprice-guarantee-policy; Expires=Thu, 23-Nov-17 04:39:52 GMT; Path=/; HttpOnly, _orig_referrer=; Expires=Thu, 23-Nov-17 04:39:52 GMT; Path=/; HttpOnly, cart_sig=; path=/; expires=Thu, 23 Nov 2017 04:39:52 -0000; HttpOnly', 'X-Request-Id': 'bca6356f-7b19-494e-8ae1-33b475acdabc', 'Content-Security-Policy': 'block-all-mixed-content; upgrade-insecure-requests; report-uri /csp-report?source%5Baction%5D=pages&source%5Bapp%5D=Shopify&source%5Bcontroller%5D=storefront_section%2Fshop&source%5Bsection%5D=storefront&source%5Buuid%5D=bca6356f-7b19-494e-8ae1-33b475acdabc', 'X-Content-Type-Options': 'nosniff, nosniff', 'X-Download-Options': 'noopen', 'X-Permitted-Cross-Domain-Policies': 'none', 'X-XSS-Protection': '1; mode=block; report=/xss-report?source%5Baction%5D=pages&source%5Bapp%5D=Shopify&source%5Bcontroller%5D=storefront_section%2Fshop&source%5Bsection%5D=storefront&source%5Buuid%5D=bca6356f-7b19-494e-8ae1-33b475acdabc', 'P3P': 'CP=""NOI DSP COR NID ADMa OPTa OUR NOR""', 'X-Dc': 'chi2'}",HTTPS,False,NONE,27.659,OK,200.0
https://soulceramics.com/pages/warranty-information,"
      Warranty Information – Soul Ceramics
    ",48.0,SHORT,Warranty Information,20.0,TOO SHORT,https://www.soulceramics.com/pages/warranty-information,55.0,https://www.soulceramics.com/pages/warranty-information,55.0,"Evenheat Kiln, Inc. warranty Evenheat Kiln, Inc. guarantees to the original purchaser that for a period of two full years (one year for Evolution Series fiber l",160.0,GOOD,,,"Evenheat Kiln, Inc. warranty",28.0,TOO SHORT,12.0,11.0,1.0,8.272727272727273,16.0,0.0,1.0,text/html; charset=utf-8,"Thu, 09 Nov 2017 04:39:17 GMT","{'Server': 'nginx', 'Date': 'Thu, 09 Nov 2017 04:39:17 GMT', 'Content-Type': 'text/html; charset=utf-8', 'Transfer-Encoding': 'chunked', 'Connection': 'keep-alive', 'X-Sorting-Hat-PodId': '28', 'X-Sorting-Hat-PodId-Cached': '1', 'X-Sorting-Hat-ShopId': '8362769', 'X-Sorting-Hat-Section': 'pod', 'X-Sorting-Hat-ShopId-Cached': '1', 'Access-Control-Allow-Origin': '*', 'X-ShopId': '8362769', 'X-ShardId': '28', 'Content-Language': 'en', 'Content-Encoding': 'gzip', 'Strict-Transport-Security': 'max-age=7889238', 'ETag': 'cacheable:774bfe96e8e9842f1c4ed250e5260a8e', 'X-Alternate-Cache-Key': 'cacheable:0fbe213a1506396537e3225181adcd2f', 'X-Cache': 'hit, server', 'Set-Cookie': 'secure_customer_sig=; path=/; expires=Mon, 09 Nov 2037 04:39:17 -0000; secure; HttpOnly, _landing_page=%2Fpages%2Fwarranty-information; Expires=Thu, 23-Nov-17 04:39:17 GMT; Path=/; HttpOnly, _orig_referrer=; Expires=Thu, 23-Nov-17 04:39:17 GMT; Path=/; HttpOnly, cart_sig=; path=/; expires=Thu, 23 Nov 2017 04:39:17 -0000; HttpOnly', 'X-Request-Id': '92e41ef2-b687-4988-a8fd-af4fb0562310', 'Content-Security-Policy': 'block-all-mixed-content; upgrade-insecure-requests; report-uri /csp-report?source%5Baction%5D=pages&source%5Bapp%5D=Shopify&source%5Bcontroller%5D=storefront_section%2Fshop&source%5Bsection%5D=storefront&source%5Buuid%5D=92e41ef2-b687-4988-a8fd-af4fb0562310', 'X-Content-Type-Options': 'nosniff, nosniff', 'X-Download-Options': 'noopen', 'X-Permitted-Cross-Domain-Policies': 'none', 'X-XSS-Protection': '1; mode=block; report=/xss-report?source%5Baction%5D=pages&source%5Bapp%5D=Shopify&source%5Bcontroller%5D=storefront_section%2Fshop&source%5Bsection%5D=storefront&source%5Buuid%5D=92e41ef2-b687-4988-a8fd-af4fb0562310', 'P3P': 'CP=""NOI DSP COR NID ADMa OPTa OUR NOR""', 'X-Dc': 'chi2'}",HTTPS,False,NONE,23.264,OK,200.0
https://soulceramics.com/pages/shipping-returns,"
      Shipping & Returns – Soul Ceramics
    ",46.0,SHORT,Shipping & Returns,18.0,TOO SHORT,https://www.soulceramics.com/pages/shipping-returns,51.0,https://www.soulceramics.com/pages/shipping-returns,51.0,Shipping & Returns policies and information for Soul Ceramics.,62.0,GOOD,,,Free Shipping on ALL Standard Orders,36.0,TOO SHORT,15.0,11.0,4.0,8.272727272727273,16.0,0.0,1.0,text/html; charset=utf-8,"Thu, 09 Nov 2017 04:39:33 GMT","{'Server': 'nginx', 'Date': 'Thu, 09 Nov 2017 04:39:33 GMT', 'Content-Type': 'text/html; charset=utf-8', 'Transfer-Encoding': 'chunked', 'Connection': 'keep-alive', 'X-Sorting-Hat-PodId': '28', 'X-Sorting-Hat-PodId-Cached': '1', 'X-Sorting-Hat-ShopId': '8362769', 'X-Sorting-Hat-Section': 'pod', 'X-Sorting-Hat-ShopId-Cached': '1', 'Access-Control-Allow-Origin': '*', 'X-ShopId': '8362769', 'X-ShardId': '28', 'Content-Language': 'en', 'Content-Encoding': 'gzip', 'Strict-Transport-Security': 'max-age=7889238', 'ETag': 'cacheable:19fc7d6fe4566d709e87588b2db97cf5', 'X-Alternate-Cache-Key': 'cacheable:1143a2cf577788e26231759f81fd5530', 'X-Cache': 'hit, server', 'Set-Cookie': 'secure_customer_sig=; path=/; expires=Mon, 09 Nov 2037 04:39:33 -0000; secure; HttpOnly, _landing_page=%2Fpages%2Fshipping-returns; Expires=Thu, 23-Nov-17 04:39:33 GMT; Path=/; HttpOnly, _orig_referrer=; Expires=Thu, 23-Nov-17 04:39:33 GMT; Path=/; HttpOnly, cart_sig=; path=/; expires=Thu, 23 Nov 2017 04:39:33 -0000; HttpOnly', 'X-Request-Id': '117af5a0-6c67-46b7-8d1e-ca2cf03fb3a0', 'Content-Security-Policy': 'block-all-mixed-content; upgrade-insecure-requests; report-uri /csp-report?source%5Baction%5D=pages&source%5Bapp%5D=Shopify&source%5Bcontroller%5D=storefront_section%2Fshop&source%5Bsection%5D=storefront&source%5Buuid%5D=117af5a0-6c67-46b7-8d1e-ca2cf03fb3a0', 'X-Content-Type-Options': 'nosniff, nosniff', 'X-Download-Options': 'noopen', 'X-Permitted-Cross-Domain-Policies': 'none', 'X-XSS-Protection': '1; mode=block; report=/xss-report?source%5Baction%5D=pages&source%5Bapp%5D=Shopify&source%5Bcontroller%5D=storefront_section%2Fshop&source%5Bsection%5D=storefront&source%5Buuid%5D=117af5a0-6c67-46b7-8d1e-ca2cf03fb3a0', 'P3P': 'CP=""NOI DSP COR NID ADMa OPTa OUR NOR""', 'X-Dc': 'chi2'}",HTTPS,False,NONE,984.673,OK,200.0
https://soulceramics.com/pages/featured-artists,"
      Featured Artists – Soul Ceramics
    ",44.0,SHORT,Featured Artists,16.0,TOO SHORT,https://www.soulceramics.com/pages/featured-artists,51.0,https://www.soulceramics.com/pages/featured-artists,51.0,Need some inspiration for your next creation? Check out some of the work from our featured artists.  Blade Smiths Yoni Wunderman - Compliance Edge Knives Compli,160.0,GOOD,,,Blade Smiths,12.0,TOO SHORT,16.0,15.0,1.0,16.066666666666666,39.0,0.0,3.0,text/html; charset=utf-8,"Thu, 09 Nov 2017 04:39:10 GMT","{'Server': 'nginx', 'Date': 'Thu, 09 Nov 2017 04:39:10 GMT', 'Content-Type': 'text/html; charset=utf-8', 'Transfer-Encoding': 'chunked', 'Connection': 'keep-alive', 'X-Sorting-Hat-PodId': '28', 'X-Sorting-Hat-PodId-Cached': '1', 'X-Sorting-Hat-ShopId': '8362769', 'X-Sorting-Hat-Section': 'pod', 'X-Sorting-Hat-ShopId-Cached': '1', 'Access-Control-Allow-Origin': '*', 'X-ShopId': '8362769', 'X-ShardId': '28', 'Content-Language': 'en', 'Content-Encoding': 'gzip', 'Strict-Transport-Security': 'max-age=7889238', 'ETag': 'cacheable:f0a4da84c7859306ee45e9ae5a3dd1c4', 'X-Alternate-Cache-Key': 'cacheable:8f9e656f2fa2dd2790d8a3fef6cc8e9a', 'X-Cache': 'hit, server', 'Set-Cookie': 'secure_customer_sig=; path=/; expires=Mon, 09 Nov 2037 04:39:10 -0000; secure; HttpOnly, _landing_page=%2Fpages%2Ffeatured-artists; Expires=Thu, 23-Nov-17 04:39:10 GMT; Path=/; HttpOnly, _orig_referrer=; Expires=Thu, 23-Nov-17 04:39:10 GMT; Path=/; HttpOnly, cart_sig=; path=/; expires=Thu, 23 Nov 2017 04:39:10 -0000; HttpOnly', 'X-Request-Id': 'e998410d-5aef-45c0-add0-ace193508ce0', 'Content-Security-Policy': 'block-all-mixed-content; upgrade-insecure-requests; report-uri /csp-report?source%5Baction%5D=pages&source%5Bapp%5D=Shopify&source%5Bcontroller%5D=storefront_section%2Fshop&source%5Bsection%5D=storefront&source%5Buuid%5D=e998410d-5aef-45c0-add0-ace193508ce0', 'X-Content-Type-Options': 'nosniff, nosniff', 'X-Download-Options': 'noopen', 'X-Permitted-Cross-Domain-Policies': 'none', 'X-XSS-Protection': '1; mode=block; report=/xss-report?source%5Baction%5D=pages&source%5Bapp%5D=Shopify&source%5Bcontroller%5D=storefront_section%2Fshop&source%5Bsection%5D=storefront&source%5Buuid%5D=e998410d-5aef-45c0-add0-ace193508ce0', 'P3P': 'CP=""NOI DSP COR NID ADMa OPTa OUR NOR""', 'X-Dc': 'chi2'}",HTTPS,False,NONE,65.019,OK,200.0
https://soulceramics.com/collections/metal-clay-kilns,"
      Metal Clay Kilns – Soul Ceramics
    ",44.0,SHORT,Metal Clay Kilns,16.0,TOO SHORT,https://www.soulceramics.com/collections/metal-clay-kilns,57.0,https://www.soulceramics.com/collections/metal-clay-kilns,57.0,Evenheat Metal Clay Kilns for Sale Soul Ceramics has the largest selection of Evenheat metal clay kilns for sale at the guaranteed lowest prices. Are you lookin,160.0,GOOD,,,Evenheat Metal Clay Kilns for Sale,34.0,TOO SHORT,16.0,15.0,1.0,19.0,53.0,0.0,1.0,text/html; charset=utf-8,"Thu, 09 Nov 2017 04:39:03 GMT","{'Server': 'nginx', 'Date': 'Thu, 09 Nov 2017 04:39:03 GMT', 'Content-Type': 'text/html; charset=utf-8', 'Transfer-Encoding': 'chunked', 'Connection': 'keep-alive', 'X-Sorting-Hat-PodId': '28', 'X-Sorting-Hat-PodId-Cached': '1', 'X-Sorting-Hat-ShopId': '8362769', 'X-Sorting-Hat-Section': 'pod', 'X-Sorting-Hat-ShopId-Cached': '0', 'Access-Control-Allow-Origin': '*', 'X-ShopId': '8362769', 'X-ShardId': '28', 'Content-Language': 'en', 'Content-Encoding': 'gzip', 'Strict-Transport-Security': 'max-age=7889238', 'ETag': 'cacheable:14327fe862861503eb2add48ed0a1306', 'X-Alternate-Cache-Key': 'cacheable:b087087b8f4ee56fc2d34d99aee0ed5e', 'X-Cache': 'hit, server', 'Set-Cookie': 'secure_customer_sig=; path=/; expires=Mon, 09 Nov 2037 04:39:03 -0000; secure; HttpOnly, _landing_page=%2Fcollections%2Fmetal-clay-kilns; Expires=Thu, 23-Nov-17 04:39:03 GMT; Path=/; HttpOnly, _orig_referrer=; Expires=Thu, 23-Nov-17 04:39:03 GMT; Path=/; HttpOnly, cart_sig=; path=/; expires=Thu, 23 Nov 2017 04:39:03 -0000; HttpOnly', 'X-Request-Id': '2e4e6bec-d091-4d0e-aadb-fce1d0296112', 'Content-Security-Policy': 'block-all-mixed-content; upgrade-insecure-requests; report-uri /csp-report?source%5Baction%5D=collections&source%5Bapp%5D=Shopify&source%5Bcontroller%5D=storefront_section%2Fshop&source%5Bsection%5D=storefront&source%5Buuid%5D=2e4e6bec-d091-4d0e-aadb-fce1d0296112', 'X-Content-Type-Options': 'nosniff, nosniff', 'X-Download-Options': 'noopen', 'X-Permitted-Cross-Domain-Policies': 'none', 'X-XSS-Protection': '1; mode=block; report=/xss-report?source%5Baction%5D=collections&source%5Bapp%5D=Shopify&source%5Bcontroller%5D=storefront_section%2Fshop&source%5Bsection%5D=storefront&source%5Buuid%5D=2e4e6bec-d091-4d0e-aadb-fce1d0296112', 'P3P': 'CP=""NOI DSP COR NID ADMa OPTa OUR NOR""', 'X-Dc': 'chi2'}",HTTPS,False,NONE,76.924,OK,200.0
https://soulceramics.com/collections/pottery-wheels,"
      Pottery Wheels – Soul Ceramics
    ",42.0,SHORT,Pottery Wheels,14.0,TOO SHORT,https://www.soulceramics.com/collections/pottery-wheels,55.0,https://www.soulceramics.com/collections/pottery-wheels,55.0,"Speedball Pottery Wheels for Sale Soul Ceramics has the complete line of Speedball pottery wheels for sale at the lowest online prices, guaranteed. If you are a",160.0,GOOD,,,Speedball Pottery Wheels for Sale,33.0,TOO SHORT,16.0,15.0,1.0,18.4,53.0,0.0,1.0,text/html; charset=utf-8,"Thu, 09 Nov 2017 04:39:22 GMT","{'Server': 'nginx', 'Date': 'Thu, 09 Nov 2017 04:39:22 GMT', 'Content-Type': 'text/html; charset=utf-8', 'Transfer-Encoding': 'chunked', 'Connection': 'keep-alive', 'X-Sorting-Hat-PodId': '28', 'X-Sorting-Hat-PodId-Cached': '1', 'X-Sorting-Hat-ShopId': '8362769', 'X-Sorting-Hat-Section': 'pod', 'X-Sorting-Hat-ShopId-Cached': '1', 'Access-Control-Allow-Origin': '*', 'X-ShopId': '8362769', 'X-ShardId': '28', 'Content-Language': 'en', 'Content-Encoding': 'gzip', 'Strict-Transport-Security': 'max-age=7889238', 'ETag': 'cacheable:9f2ec0a3b95900f406f38b6e3cccaf1b', 'X-Alternate-Cache-Key': 'cacheable:3c21955b7ee382f4c350f387a85c5742', 'X-Cache': 'hit, server', 'Set-Cookie': 'secure_customer_sig=; path=/; expires=Mon, 09 Nov 2037 04:39:22 -0000; secure; HttpOnly, _landing_page=%2Fcollections%2Fpottery-wheels; Expires=Thu, 23-Nov-17 04:39:22 GMT; Path=/; HttpOnly, _orig_referrer=; Expires=Thu, 23-Nov-17 04:39:22 GMT; Path=/; HttpOnly, cart_sig=; path=/; expires=Thu, 23 Nov 2017 04:39:22 -0000; HttpOnly', 'X-Request-Id': 'f3837a50-aa2f-4b39-bc14-e2a31823e782', 'Content-Security-Policy': 'block-all-mixed-content; upgrade-insecure-requests; report-uri /csp-report?source%5Baction%5D=collections&source%5Bapp%5D=Shopify&source%5Bcontroller%5D=storefront_section%2Fshop&source%5Bsection%5D=storefront&source%5Buuid%5D=f3837a50-aa2f-4b39-bc14-e2a31823e782', 'X-Content-Type-Options': 'nosniff, nosniff', 'X-Download-Options': 'noopen', 'X-Permitted-Cross-Domain-Policies': 'none', 'X-XSS-Protection': '1; mode=block; report=/xss-report?source%5Baction%5D=collections&source%5Bapp%5D=Shopify&source%5Bcontroller%5D=storefront_section%2Fshop&source%5Bsection%5D=storefront&source%5Buuid%5D=f3837a50-aa2f-4b39-bc14-e2a31823e782', 'P3P': 'CP=""NOI DSP COR NID ADMa OPTa OUR NOR""', 'X-Dc': 'chi2'}",HTTPS,False,NONE,25.964,OK,200.0
https://soulceramics.com/account/register,"
      Create Account – Soul Ceramics
    ",42.0,SHORT,Create Account,14.0,TOO SHORT,https://www.soulceramics.com/account/register,45.0,https://www.soulceramics.com/account/register,45.0,,,,,,,,,12.0,11.0,1.0,8.272727272727273,16.0,0.0,1.0,text/html; charset=utf-8,"Thu, 09 Nov 2017 04:39:12 GMT","{'Server': 'nginx', 'Date': 'Thu, 09 Nov 2017 04:39:12 GMT', 'Content-Type': 'text/html; charset=utf-8', 'Transfer-Encoding': 'chunked', 'Connection': 'keep-alive', 'X-Sorting-Hat-PodId': '28', 'X-Sorting-Hat-PodId-Cached': '0', 'X-Sorting-Hat-ShopId': '8362769', 'X-Sorting-Hat-Section': 'pod', 'X-Sorting-Hat-ShopId-Cached': '1', 'X-ShopId': '8362769', 'X-ShardId': '28', 'Content-Language': 'en', 'Content-Encoding': 'gzip', 'Strict-Transport-Security': 'max-age=7889238', 'ETag': 'cacheable:8c3680ebc769ec2ee2b021a4c43b125b', 'X-Alternate-Cache-Key': 'cacheable:3fc220d0412493d72bc6704eb0f35da0', 'X-Cache': 'hit, server', 'Set-Cookie': 'secure_customer_sig=; path=/; expires=Mon, 09 Nov 2037 04:39:12 -0000; secure; HttpOnly, _landing_page=%2Faccount%2Fregister; Expires=Thu, 23-Nov-17 04:39:12 GMT; Path=/; HttpOnly, _orig_referrer=; Expires=Thu, 23-Nov-17 04:39:12 GMT; Path=/; HttpOnly, cart_sig=; path=/; expires=Thu, 23 Nov 2017 04:39:12 -0000; HttpOnly', 'X-Request-Id': '1733208e-541d-4c35-affd-f58bd7da18b5', 'Content-Security-Policy': 'block-all-mixed-content; upgrade-insecure-requests; report-uri /csp-report?source%5Baction%5D=new&source%5Bapp%5D=Shopify&source%5Bcontroller%5D=storefront_section%2Fcustomers%2Faccounts&source%5Bsection%5D=storefront&source%5Buuid%5D=1733208e-541d-4c35-affd-f58bd7da18b5', 'X-Content-Type-Options': 'nosniff, nosniff', 'X-Download-Options': 'noopen', 'X-Permitted-Cross-Domain-Policies': 'none', 'X-XSS-Protection': '1; mode=block; report=/xss-report?source%5Baction%5D=new&source%5Bapp%5D=Shopify&source%5Bcontroller%5D=storefront_section%2Fcustomers%2Faccounts&source%5Bsection%5D=storefront&source%5Buuid%5D=1733208e-541d-4c35-affd-f58bd7da18b5', 'P3P': 'CP=""NOI DSP COR NID ADMa OPTa OUR NOR""', 'X-Dc': 'chi2'}",HTTPS,False,NONE,68.996,OK,200.0
https://soulceramics.com/pages/privacy-policy,"
      Privacy Policy – Soul Ceramics
    ",42.0,SHORT,Privacy Policy,14.0,TOO SHORT,https://www.soulceramics.com/pages/privacy-policy,49.0,https://www.soulceramics.com/pages/privacy-policy,49.0,"This Privacy Policy governs the manner in which Soul Ceramics collects, uses, maintains and discloses information collected from users (each, a ""User"") of the w",160.0,GOOD,,,,,,12.0,11.0,1.0,8.272727272727273,16.0,0.0,1.0,text/html; charset=utf-8,"Thu, 09 Nov 2017 04:40:06 GMT","{'Server': 'nginx', 'Date': 'Thu, 09 Nov 2017 04:40:06 GMT', 'Content-Type': 'text/html; charset=utf-8', 'Transfer-Encoding': 'chunked', 'Connection': 'keep-alive', 'X-Sorting-Hat-PodId': '28', 'X-Sorting-Hat-PodId-Cached': '1', 'X-Sorting-Hat-ShopId': '8362769', 'X-Sorting-Hat-Section': 'pod', 'X-Sorting-Hat-ShopId-Cached': '1', 'Access-Control-Allow-Origin': '*', 'X-ShopId': '8362769', 'X-ShardId': '28', 'Content-Language': 'en', 'Content-Encoding': 'gzip', 'Strict-Transport-Security': 'max-age=7889238', 'ETag': 'cacheable:537baee18b184f4c4c694cbd61432ebe', 'X-Alternate-Cache-Key': 'cacheable:666e76ac8e1c922043395be717c60cab', 'X-Cache': 'hit, server', 'Set-Cookie': 'secure_customer_sig=; path=/; expires=Mon, 09 Nov 2037 04:40:06 -0000; secure; HttpOnly, _landing_page=%2Fpages%2Fprivacy-policy; Expires=Thu, 23-Nov-17 04:40:06 GMT; Path=/; HttpOnly, _orig_referrer=; Expires=Thu, 23-Nov-17 04:40:06 GMT; Path=/; HttpOnly, cart_sig=; path=/; expires=Thu, 23 Nov 2017 04:40:06 -0000; HttpOnly', 'X-Request-Id': '4d894c09-4c5a-4447-8d6e-b851222d0a9b', 'Content-Security-Policy': 'block-all-mixed-content; upgrade-insecure-requests; report-uri /csp-report?source%5Baction%5D=pages&source%5Bapp%5D=Shopify&source%5Bcontroller%5D=storefront_section%2Fshop&source%5Bsection%5D=storefront&source%5Buuid%5D=4d894c09-4c5a-4447-8d6e-b851222d0a9b', 'X-Content-Type-Options': 'nosniff, nosniff', 'X-Download-Options': 'noopen', 'X-Permitted-Cross-Domain-Policies': 'none', 'X-XSS-Protection': '1; mode=block; report=/xss-report?source%5Baction%5D=pages&source%5Bapp%5D=Shopify&source%5Bcontroller%5D=storefront_section%2Fshop&source%5Bsection%5D=storefront&source%5Buuid%5D=4d894c09-4c5a-4447-8d6e-b851222d0a9b', 'P3P': 'CP=""NOI DSP COR NID ADMa OPTa OUR NOR""', 'X-Dc': 'chi2'}",HTTPS,False,NONE,23.856,OK,200.0
https://soulceramics.com/collections/jen-ken-kilns,"
      Jen-Ken Kilns – Soul Ceramics
    ",41.0,SHORT,Jen-Ken Kilns,13.0,TOO SHORT,https://www.soulceramics.com/collections/jen-ken-kilns,54.0,https://www.soulceramics.com/collections/jen-ken-kilns,54.0,"Jen-Ken Kilns is a family owned and operated kiln manufacturer based in Lakeland, Florida. Since 1951, the Jen-Ken team has been producing some of the highest q",160.0,GOOD,,,Jen-Ken Ceramic Kilns,21.0,TOO SHORT,36.0,35.0,1.0,32.68571428571428,64.0,0.0,1.0,text/html; charset=utf-8,"Thu, 09 Nov 2017 04:39:19 GMT","{'Server': 'nginx', 'Date': 'Thu, 09 Nov 2017 04:39:19 GMT', 'Content-Type': 'text/html; charset=utf-8', 'Transfer-Encoding': 'chunked', 'Connection': 'keep-alive', 'X-Sorting-Hat-PodId': '28', 'X-Sorting-Hat-PodId-Cached': '1', 'X-Sorting-Hat-ShopId': '8362769', 'X-Sorting-Hat-Section': 'pod', 'X-Sorting-Hat-ShopId-Cached': '1', 'Access-Control-Allow-Origin': '*', 'X-ShopId': '8362769', 'X-ShardId': '28', 'Content-Language': 'en', 'Content-Encoding': 'gzip', 'Strict-Transport-Security': 'max-age=7889238', 'ETag': 'cacheable:892267c19e31f815341ffdddc5e41f4f', 'X-Alternate-Cache-Key': 'cacheable:a5ed2d0575e0617cc5686b324e985d15', 'X-Cache': 'hit, server', 'Set-Cookie': 'secure_customer_sig=; path=/; expires=Mon, 09 Nov 2037 04:39:19 -0000; secure; HttpOnly, _landing_page=%2Fcollections%2Fjen-ken-kilns; Expires=Thu, 23-Nov-17 04:39:19 GMT; Path=/; HttpOnly, _orig_referrer=; Expires=Thu, 23-Nov-17 04:39:19 GMT; Path=/; HttpOnly, cart_sig=; path=/; expires=Thu, 23 Nov 2017 04:39:19 -0000; HttpOnly', 'X-Request-Id': 'a7472c3d-060a-454e-855c-e4fe56f500cc', 'Content-Security-Policy': 'block-all-mixed-content; upgrade-insecure-requests; report-uri /csp-report?source%5Baction%5D=collections&source%5Bapp%5D=Shopify&source%5Bcontroller%5D=storefront_section%2Fshop&source%5Bsection%5D=storefront&source%5Buuid%5D=a7472c3d-060a-454e-855c-e4fe56f500cc', 'X-Content-Type-Options': 'nosniff, nosniff', 'X-Download-Options': 'noopen', 'X-Permitted-Cross-Domain-Policies': 'none', 'X-XSS-Protection': '1; mode=block; report=/xss-report?source%5Baction%5D=collections&source%5Bapp%5D=Shopify&source%5Bcontroller%5D=storefront_section%2Fshop&source%5Bsection%5D=storefront&source%5Buuid%5D=a7472c3d-060a-454e-855c-e4fe56f500cc', 'P3P': 'CP=""NOI DSP COR NID ADMa OPTa OUR NOR""', 'X-Dc': 'chi2'}",HTTPS,False,NONE,18.587,OK,200.0
https://soulceramics.com/www.soulceramics.com,"
      404 Not Found – Soul Ceramics
    ",41.0,SHORT,404 Page Not Found,18.0,TOO SHORT,https://www.soulceramics.com/www.soulceramics.com,49.0,,0.0,,,,,,We're sorry. The page you requested cannot be found.,52.0,GOOD,12.0,11.0,1.0,8.272727272727273,16.0,0.0,1.0,text/html; charset=utf-8,"Thu, 09 Nov 2017 04:40:13 GMT","{'Server': 'nginx', 'Date': 'Thu, 09 Nov 2017 04:40:13 GMT', 'Content-Type': 'text/html; charset=utf-8', 'Transfer-Encoding': 'chunked', 'Connection': 'keep-alive', 'X-Sorting-Hat-PodId': '28', 'X-Sorting-Hat-PodId-Cached': '1', 'X-Sorting-Hat-ShopId': '8362769', 'X-Sorting-Hat-Section': 'pod', 'X-Sorting-Hat-ShopId-Cached': '1', 'X-ShopId': '8362769', 'X-ShardId': '28', 'Content-Language': 'en', 'Content-Encoding': 'gzip', 'Strict-Transport-Security': 'max-age=7889238', 'ETag': 'cacheable:dcf0d316873bee46da817e4614074053', 'X-Alternate-Cache-Key': 'cacheable:97c95b45c1e7be924f063f6c084c54ac', 'X-Cache': 'hit, server', 'Set-Cookie': 'secure_customer_sig=; path=/; expires=Mon, 09 Nov 2037 04:40:13 -0000; secure; HttpOnly, cart_sig=; path=/; expires=Thu, 23 Nov 2017 04:40:13 -0000; HttpOnly', 'X-Request-Id': '68071c6e-fef8-4de7-b001-0f069c88e455', 'Content-Security-Policy': 'block-all-mixed-content; upgrade-insecure-requests; report-uri /csp-report?source%5Baction%5D=not_found&source%5Bapp%5D=Shopify&source%5Bcontroller%5D=storefront_section%2Fshop&source%5Bsection%5D=storefront&source%5Buuid%5D=68071c6e-fef8-4de7-b001-0f069c88e455', 'X-Content-Type-Options': 'nosniff', 'X-Download-Options': 'noopen', 'X-Permitted-Cross-Domain-Policies': 'none', 'X-XSS-Protection': '1; mode=block; report=/xss-report?source%5Baction%5D=not_found&source%5Bapp%5D=Shopify&source%5Bcontroller%5D=storefront_section%2Fshop&source%5Bsection%5D=storefront&source%5Buuid%5D=68071c6e-fef8-4de7-b001-0f069c88e455', 'X-Dc': 'chi2'}",HTTPS,False,NONE,144.359,Not Found,404.0
https://soulceramics.com/collections/knife-ovens,"
      Knife Ovens – Soul Ceramics
    ",39.0,SHORT,Knife Ovens,11.0,TOO SHORT,https://www.soulceramics.com/collections/knife-ovens,52.0,https://www.soulceramics.com/collections/knife-ovens,52.0,Evenheat and JenKen Knife Ovens for Sale Soul Ceramics has the largest selection of Evenheat and JenKen knife kilns for sale at the guaranteed lowest prices. Wh,160.0,GOOD,,,Evenheat and JenKen Knife Ovens for Sale,40.0,GOOD,29.0,28.0,1.0,29.071428571428573,49.0,0.0,1.0,text/html; charset=utf-8,"Thu, 09 Nov 2017 04:39:58 GMT","{'Server': 'nginx', 'Date': 'Thu, 09 Nov 2017 04:39:58 GMT', 'Content-Type': 'text/html; charset=utf-8', 'Transfer-Encoding': 'chunked', 'Connection': 'keep-alive', 'X-Sorting-Hat-PodId': '28', 'X-Sorting-Hat-PodId-Cached': '1', 'X-Sorting-Hat-ShopId': '8362769', 'X-Sorting-Hat-Section': 'pod', 'X-Sorting-Hat-ShopId-Cached': '1', 'Access-Control-Allow-Origin': '*', 'X-ShopId': '8362769', 'X-ShardId': '28', 'Content-Language': 'en', 'Content-Encoding': 'gzip', 'Strict-Transport-Security': 'max-age=7889238', 'ETag': 'cacheable:a475b34d39765b0101a5ff0653e723ef', 'X-Alternate-Cache-Key': 'cacheable:f9074dc3e29f7bf7a290b0995616460c', 'X-Cache': 'hit, server', 'Set-Cookie': 'secure_customer_sig=; path=/; expires=Mon, 09 Nov 2037 04:39:58 -0000; secure; HttpOnly, _landing_page=%2Fcollections%2Fknife-ovens; Expires=Thu, 23-Nov-17 04:39:58 GMT; Path=/; HttpOnly, _orig_referrer=; Expires=Thu, 23-Nov-17 04:39:58 GMT; Path=/; HttpOnly, cart_sig=; path=/; expires=Thu, 23 Nov 2017 04:39:58 -0000; HttpOnly', 'X-Request-Id': 'c97223c6-5038-4149-9102-8d822dfba43f', 'Content-Security-Policy': 'block-all-mixed-content; upgrade-insecure-requests; report-uri /csp-report?source%5Baction%5D=collections&source%5Bapp%5D=Shopify&source%5Bcontroller%5D=storefront_section%2Fshop&source%5Bsection%5D=storefront&source%5Buuid%5D=c97223c6-5038-4149-9102-8d822dfba43f', 'X-Content-Type-Options': 'nosniff, nosniff', 'X-Download-Options': 'noopen', 'X-Permitted-Cross-Domain-Policies': 'none', 'X-XSS-Protection': '1; mode=block; report=/xss-report?source%5Baction%5D=collections&source%5Bapp%5D=Shopify&source%5Bcontroller%5D=storefront_section%2Fshop&source%5Bsection%5D=storefront&source%5Buuid%5D=c97223c6-5038-4149-9102-8d822dfba43f', 'P3P': 'CP=""NOI DSP COR NID ADMa OPTa OUR NOR""', 'X-Dc': 'chi2'}",HTTPS,False,NONE,68.665,OK,200.0
https://soulceramics.com/pages/contact-us,"
      Contact Us – Soul Ceramics
    ",38.0,SHORT,Contact Us,10.0,TOO SHORT,https://www.soulceramics.com/pages/contact-us,45.0,https://www.soulceramics.com/pages/contact-us,45.0,"If you have any questions about our products, our site, or our business, please do not hesitate to reach out to us ~ Soul Ceramics",130.0,GOOD,,,(646) 583-3319,14.0,TOO SHORT,12.0,11.0,1.0,8.272727272727273,16.0,0.0,1.0,text/html; charset=utf-8,"Thu, 09 Nov 2017 04:39:38 GMT","{'Server': 'nginx', 'Date': 'Thu, 09 Nov 2017 04:39:38 GMT', 'Content-Type': 'text/html; charset=utf-8', 'Transfer-Encoding': 'chunked', 'Connection': 'keep-alive', 'X-Sorting-Hat-PodId': '28', 'X-Sorting-Hat-PodId-Cached': '1', 'X-Sorting-Hat-ShopId': '8362769', 'X-Sorting-Hat-Section': 'pod', 'X-Sorting-Hat-ShopId-Cached': '1', 'Access-Control-Allow-Origin': '*', 'X-ShopId': '8362769', 'X-ShardId': '28', 'Content-Language': 'en', 'Content-Encoding': 'gzip', 'Strict-Transport-Security': 'max-age=7889238', 'ETag': 'cacheable:00f45b1ac30e69d98e86d33e31a6281b', 'X-Alternate-Cache-Key': 'cacheable:43cc4d457097d0761c366066b19753aa', 'X-Cache': 'hit, server', 'Set-Cookie': 'secure_customer_sig=; path=/; expires=Mon, 09 Nov 2037 04:39:38 -0000; secure; HttpOnly, _landing_page=%2Fpages%2Fcontact-us; Expires=Thu, 23-Nov-17 04:39:38 GMT; Path=/; HttpOnly, _orig_referrer=; Expires=Thu, 23-Nov-17 04:39:38 GMT; Path=/; HttpOnly, cart_sig=; path=/; expires=Thu, 23 Nov 2017 04:39:38 -0000; HttpOnly', 'X-Request-Id': 'b720efee-587e-428d-ad9d-ff2ba1adea5b', 'Content-Security-Policy': 'block-all-mixed-content; upgrade-insecure-requests; report-uri /csp-report?source%5Baction%5D=pages&source%5Bapp%5D=Shopify&source%5Bcontroller%5D=storefront_section%2Fshop&source%5Bsection%5D=storefront&source%5Buuid%5D=b720efee-587e-428d-ad9d-ff2ba1adea5b', 'X-Content-Type-Options': 'nosniff, nosniff', 'X-Download-Options': 'noopen', 'X-Permitted-Cross-Domain-Policies': 'none', 'X-XSS-Protection': '1; mode=block; report=/xss-report?source%5Baction%5D=pages&source%5Bapp%5D=Shopify&source%5Bcontroller%5D=storefront_section%2Fshop&source%5Bsection%5D=storefront&source%5Buuid%5D=b720efee-587e-428d-ad9d-ff2ba1adea5b', 'P3P': 'CP=""NOI DSP COR NID ADMa OPTa OUR NOR""', 'X-Dc': 'chi2'}",HTTPS,False,NONE,4.847,OK,200.0
https://soulceramics.com/pages/about-us,"
      About Us – Soul Ceramics
    ",36.0,SHORT,About Us,8.0,TOO SHORT,https://www.soulceramics.com/pages/about-us,43.0,https://www.soulceramics.com/pages/about-us,43.0,Soul Ceramics is an online retailer providing competitive prices on ceramics equipment and supplies. Unlike other art and school supply sites that sell tens of ,160.0,GOOD,,,We're a National Establishment,30.0,TOO SHORT,14.0,11.0,3.0,8.272727272727273,16.0,0.0,1.0,text/html; charset=utf-8,"Thu, 09 Nov 2017 04:39:56 GMT","{'Server': 'nginx', 'Date': 'Thu, 09 Nov 2017 04:39:56 GMT', 'Content-Type': 'text/html; charset=utf-8', 'Transfer-Encoding': 'chunked', 'Connection': 'keep-alive', 'X-Sorting-Hat-PodId': '28', 'X-Sorting-Hat-PodId-Cached': '1', 'X-Sorting-Hat-ShopId': '8362769', 'X-Sorting-Hat-Section': 'pod', 'X-Sorting-Hat-ShopId-Cached': '1', 'Access-Control-Allow-Origin': '*', 'X-ShopId': '8362769', 'X-ShardId': '28', 'Content-Language': 'en', 'Content-Encoding': 'gzip', 'Strict-Transport-Security': 'max-age=7889238', 'ETag': 'cacheable:23b1f3deb1920455bbf219be310c9aab', 'X-Alternate-Cache-Key': 'cacheable:80e90405241a6da10a31605fbb0aaf34', 'X-Cache': 'hit, server', 'Set-Cookie': 'secure_customer_sig=; path=/; expires=Mon, 09 Nov 2037 04:39:56 -0000; secure; HttpOnly, _landing_page=%2Fpages%2Fabout-us; Expires=Thu, 23-Nov-17 04:39:56 GMT; Path=/; HttpOnly, _orig_referrer=; Expires=Thu, 23-Nov-17 04:39:56 GMT; Path=/; HttpOnly, cart_sig=; path=/; expires=Thu, 23 Nov 2017 04:39:56 -0000; HttpOnly', 'X-Request-Id': '17ca2185-6c00-4dd7-bfd4-deba808fc8c4', 'Content-Security-Policy': 'block-all-mixed-content; upgrade-insecure-requests; report-uri /csp-report?source%5Baction%5D=pages&source%5Bapp%5D=Shopify&source%5Bcontroller%5D=storefront_section%2Fshop&source%5Bsection%5D=storefront&source%5Buuid%5D=17ca2185-6c00-4dd7-bfd4-deba808fc8c4', 'X-Content-Type-Options': 'nosniff, nosniff', 'X-Download-Options': 'noopen', 'X-Permitted-Cross-Domain-Policies': 'none', 'X-XSS-Protection': '1; mode=block; report=/xss-report?source%5Baction%5D=pages&source%5Bapp%5D=Shopify&source%5Bcontroller%5D=storefront_section%2Fshop&source%5Bsection%5D=storefront&source%5Buuid%5D=17ca2185-6c00-4dd7-bfd4-deba808fc8c4', 'P3P': 'CP=""NOI DSP COR NID ADMa OPTa OUR NOR""', 'X-Dc': 'chi2'}",HTTPS,False,NONE,41.412,OK,200.0
https://soulceramics.com/account/login,"
      Account – Soul Ceramics
    ",35.0,SHORT,Login,5.0,TOO SHORT,https://www.soulceramics.com/account/login,42.0,https://www.soulceramics.com/account/login,42.0,,,,,,Reset your password,19.0,TOO SHORT,12.0,11.0,1.0,8.272727272727273,16.0,0.0,1.0,text/html; charset=utf-8,"Thu, 09 Nov 2017 04:39:47 GMT","{'Server': 'nginx', 'Date': 'Thu, 09 Nov 2017 04:39:47 GMT', 'Content-Type': 'text/html; charset=utf-8', 'Transfer-Encoding': 'chunked', 'Connection': 'keep-alive', 'X-Sorting-Hat-PodId': '28', 'X-Sorting-Hat-PodId-Cached': '1', 'X-Sorting-Hat-ShopId': '8362769', 'X-Sorting-Hat-Section': 'pod', 'X-Sorting-Hat-ShopId-Cached': '1', 'Vary': 'Accept-Encoding', 'X-ShopId': '8362769', 'X-ShardId': '28', 'Content-Language': 'en', 'Strict-Transport-Security': 'max-age=7889238', 'Set-Cookie': 'secure_customer_sig=; path=/; expires=Mon, 09 Nov 2037 04:39:47 -0000; secure; HttpOnly, _landing_page=%2Faccount%2Flogin; Expires=Thu, 23-Nov-17 04:39:47 GMT; Path=/; HttpOnly, _orig_referrer=; Expires=Thu, 23-Nov-17 04:39:47 GMT; Path=/; HttpOnly, cart_sig=; path=/; expires=Thu, 23 Nov 2017 04:39:47 -0000; HttpOnly', 'X-Request-Id': 'a30e567d-9eec-4c69-9d09-514067940ea3', 'Content-Security-Policy': 'block-all-mixed-content; upgrade-insecure-requests; report-uri /csp-report?source%5Baction%5D=login_form&source%5Bapp%5D=Shopify&source%5Bcontroller%5D=storefront_section%2Fcustomers%2Fauth&source%5Bsection%5D=storefront&source%5Buuid%5D=a30e567d-9eec-4c69-9d09-514067940ea3', 'X-Content-Type-Options': 'nosniff, nosniff', 'X-Download-Options': 'noopen', 'X-Permitted-Cross-Domain-Policies': 'none', 'X-XSS-Protection': '1; mode=block; report=/xss-report?source%5Baction%5D=login_form&source%5Bapp%5D=Shopify&source%5Bcontroller%5D=storefront_section%2Fcustomers%2Fauth&source%5Bsection%5D=storefront&source%5Buuid%5D=a30e567d-9eec-4c69-9d09-514067940ea3', 'P3P': 'CP=""NOI DSP COR NID ADMa OPTa OUR NOR""', 'Content-Encoding': 'gzip', 'X-Dc': 'chi2'}",HTTPS,False,NONE,61.469,OK,200.0
https://soulceramics.com/search,"
      Search – Soul Ceramics
    ",34.0,SHORT,Search our Store,16.0,TOO SHORT,https://www.soulceramics.com/search,35.0,https://www.soulceramics.com/search,35.0,"Soul Ceramics has the lowest online prices for ceramic and pottery kilns, knife and heat treat ovens, metal clay kilns, and glass kilns. Free shipping!",151.0,GOOD,,,,,,12.0,11.0,1.0,8.272727272727273,16.0,0.0,1.0,text/html; charset=utf-8,"Thu, 09 Nov 2017 04:38:58 GMT","{'Server': 'nginx', 'Date': 'Thu, 09 Nov 2017 04:38:58 GMT', 'Content-Type': 'text/html; charset=utf-8', 'Transfer-Encoding': 'chunked', 'Connection': 'keep-alive', 'X-Sorting-Hat-PodId': '28', 'X-Sorting-Hat-PodId-Cached': '1', 'X-Sorting-Hat-ShopId': '8362769', 'X-Sorting-Hat-Section': 'pod', 'X-Sorting-Hat-ShopId-Cached': '1', 'X-ShopId': '8362769', 'X-ShardId': '28', 'Content-Language': 'en', 'Content-Encoding': 'gzip', 'Strict-Transport-Security': 'max-age=7889238', 'ETag': 'cacheable:f771ccacf9a9938e5e5a5dd92015d2a4', 'X-Alternate-Cache-Key': 'cacheable:2e1ecb55546e72fb67f7ac590b476697', 'X-Cache': 'hit, server', 'Set-Cookie': 'secure_customer_sig=; path=/; expires=Mon, 09 Nov 2037 04:38:58 -0000; secure; HttpOnly, _landing_page=%2Fsearch; Expires=Thu, 23-Nov-17 04:38:58 GMT; Path=/; HttpOnly, _orig_referrer=; Expires=Thu, 23-Nov-17 04:38:58 GMT; Path=/; HttpOnly, cart_sig=; path=/; expires=Thu, 23 Nov 2017 04:38:58 -0000; HttpOnly', 'X-Request-Id': '3eb6658d-e63b-4d0a-b2d0-3d9d59b6b742', 'Content-Security-Policy': 'block-all-mixed-content; upgrade-insecure-requests; report-uri /csp-report?source%5Baction%5D=search&source%5Bapp%5D=Shopify&source%5Bcontroller%5D=storefront_section%2Fshop&source%5Bsection%5D=storefront&source%5Buuid%5D=3eb6658d-e63b-4d0a-b2d0-3d9d59b6b742', 'X-Content-Type-Options': 'nosniff, nosniff', 'X-Download-Options': 'noopen', 'X-Permitted-Cross-Domain-Policies': 'none', 'X-XSS-Protection': '1; mode=block; report=/xss-report?source%5Baction%5D=search&source%5Bapp%5D=Shopify&source%5Bcontroller%5D=storefront_section%2Fshop&source%5Bsection%5D=storefront&source%5Buuid%5D=3eb6658d-e63b-4d0a-b2d0-3d9d59b6b742', 'P3P': 'CP=""NOI DSP COR NID ADMa OPTa OUR NOR""', 'X-Dc': 'chi2'}",HTTPS,False,NONE,36.34,OK,200.0
https://soulceramics.com//robots.txt,Found Robots.txt,,,,,,,,,,,,,,,,,,,,,,,,,,,,,,,,,
