TAG,DUPLICATION TEXT,NUMBER OF DUPLICATION,URL
TITLE,Blackwing - About Us,5,"#
https://blackwing.com/faqs.php
https://blackwing.com/chk_forgot_password.php
https://blackwing.com/about_shipping.php
https://blackwing.com/about_us.php
https://blackwing.com/gift_certificate.php"
TITLE,Blackwing - Wholesale Beef,2,"#
https://blackwing.com/wholesale_beef.php
https://blackwing.com/wholesale_beef.php#beef_retail"
TITLE,Blackwing - Wholesale Bison,2,"#
https://blackwing.com/wholesale_bison.php
https://blackwing.com/wholesale_bison.php#buffalo_retail"
TITLE,Blackwing - Wholesale Chicken,2,"#
https://blackwing.com/wholesale_chicken.php
https://blackwing.com/wholesale_chicken.php#chicken_retail"
TITLE,Blackwing - Wholesale Ostrich,2,"#
https://blackwing.com/wholesale_ostrich.php#ostrich_retail
https://blackwing.com/wholesale_ostrich.php"
TITLE,"Organic Meats from Blackwing - Ostrich, Bison, Organic Beef, Organic Chicken and More",2,"#
https://blackwing.com/
https://blackwing.com/index.php"
TITLE,Untitled Document,2,"#
https://blackwing.com/wholesale_retailready.php
https://blackwing.com/wholesale_freezer.php"
H1-1,Wholesale & Food Service,14,"#
https://blackwing.com/wholesale_turkey.php
https://blackwing.com/wholesale_elk.php
https://blackwing.com/wholesale_pork.php
https://blackwing.com/wholesale_goat.php
https://blackwing.com/wholesale_boar.php
https://blackwing.com/wholesale_chicken.php
https://blackwing.com/wholesale_chicken.php#chicken_retail
https://blackwing.com/wholesale_ostrich.php#ostrich_retail
https://blackwing.com/wholesale_venison.php
https://blackwing.com/wholesale_ostrich.php
https://blackwing.com/wholesale_bison.php
https://blackwing.com/wholesale_bison.php#buffalo_retail
https://blackwing.com/wholesale_beef.php
https://blackwing.com/wholesale_beef.php#beef_retail"
H1-1,All About Shipping Our Meats,2,"#
https://blackwing.com/shipping.php
https://blackwing.com/about_shipping.php"
H2-1,100% Certified Free Range Organic Chicken,2,"#
https://blackwing.com/wholesale_chicken.php
https://blackwing.com/wholesale_chicken.php#chicken_retail"
H2-1,Blackwing Ostrich Meat,2,"#
https://blackwing.com/wholesale_ostrich.php#ostrich_retail
https://blackwing.com/wholesale_ostrich.php"
H2-1,Blackwing Retail Merchandising Program,2,"#
https://blackwing.com/wholesale.php
https://blackwing.com/wholesale_freezer.php"
H2-1,Organic Free Range Bison/Buffalo,2,"#
https://blackwing.com/wholesale_bison.php
https://blackwing.com/wholesale_bison.php#buffalo_retail"
H2-1,Our Shipping Guarantee,2,"#
https://blackwing.com/shipping.php
https://blackwing.com/about_shipping.php"
H2-1,Piedmontese Organic Beef,2,"#
https://blackwing.com/wholesale_beef.php
https://blackwing.com/wholesale_beef.php#beef_retail"
