TAG,DUPLICATION TEXT,NUMBER OF DUPLICATION,URL
TITLE,"
	True Fit® | 404
",57,"#
https://www.truefit.com/storify.com/truefit/shoptalk-2016
http://www.truefit.com/about-us/worlds_largest_collection
https://www.truefit.com/storify.com/truefit/demandwarexchange-2016-recap
http://www.truefit.com/partners/retail_partners
https://www.truefit.com/bcbg.com
https://www.truefit.com/{{postSet[11].link}}
https://www.truefit.com/user/findyourtruefit
https://www.truefit.com//www.youtube.com/yt/press/vi/
https://www.truefit.com/channel/UC_ouPKcPUKJvqyMptf8BgiQ
https://www.truefit.com/channel/UCOpNcN46UbXVtpKMrmU4Abg
https://www.truefit.com/testtube
https://www.truefit.com/channel/UCzuqhhs6NWbgTzMuM09WKDQ
https://www.truefit.com/feed/history
https://www.truefit.com//www.youtube.com/upload
https://www.truefit.com/feed/trending
https://www.truefit.com/channel/UCwZ2ZaFfTusqV_MGMHUnEsg
https://www.truefit.com/channel/UCF13N77w2qo8HeoI1uBvCHQ
https://www.truefit.com//www.youtube.com/yt/creators/
https://www.truefit.com//www.youtube.com/yt/advertise/
https://www.truefit.com/channel/UCI2OiZs5aVcyBUBVsgovzng
https://www.truefit.com/channel/UC-9-kyTW8ZkZNDHQJ6FgpwQ
https://www.truefit.com/shop.guess.com/en/Catalog/View/men/denim/regular-straight-jeans-in-drag-chain-wash/MB1AR421KD0
https://www.truefit.com//www.youtube.com/yt/dev/vi/
https://www.truefit.com/channel/UCWJ3GBJGyqhA1RHGH1Rofiw
https://www.truefit.com/channel/UCruaM4824Rr_ry7fsD5Jwag
https://www.truefit.com/channel/UCA3GtNtuKvcj6VrwZ5Gpx9g
https://www.truefit.com//www.youtube.com/yt/copyright/vi/
https://www.truefit.com//www.youtube.com/yt/about/vi/
https://www.truefit.com/channels
https://www.truefit.com/t/terms
http://www.truefit.com/partners/brand_data_partners
https://www.truefit.com//www.youtube.com/yt/policyandsafety/vi/
https://www.truefit.com/channel/UCEgdi0XIXXZ-qJOFPf4JSKw
https://www.truefit.com/{{postSet[10].link}}
https://www.truefit.com/user/doctruyencotich
https://www.truefit.com/{{postSet[1].link}}
https://www.truefit.com/{{postSet[3].link}}
https://www.truefit.com/{{postSet[4].link}}
https://www.truefit.com/{{resource.link}}
http://www.truefit.com/about-us/how_it_works
https://www.truefit.com//storify.com/truefit/the-big-show-recap
https://www.truefit.com/{{postSet[5].link}}
http://www.truefit.com/contact
https://www.truefit.com/{{postSet[0].link}}
https://www.truefit.com/{{postSet[7].link}}
https://www.truefit.com/{{postSet[9].link}}
https://www.truefit.com/{{postSet[2].link}}
https://www.truefit.com/channel/UC4R8DWoMoI7CAwX8_LjQHig
https://www.truefit.com/{{postSet[8].link}}
https://www.truefit.com/RetailMeNot.com
https://www.truefit.com/www.tommybahama.com/TBG/Stores_Restaurants.jsp
https://www.truefit.com/{{postSet[6].link}}
https://www.truefit.com/www.louisboston.com
https://www.truefit.com/TheOutnet.com
https://www.truefit.com/channel/UCYfdidRxbB8Qhf0Nx7ioOYw
https://www.truefit.com/channel/UCf4KUO6QxpVPwgLzaCcupcQ
https://www.truefit.com/wp-future-o"
TITLE,"
	True Fit® | Footwear & Apparel’s Discovery Platform. Connected data. AI. Machine Learning. Personalization. 
",6,"#
https://www.truefit.com/
https://www.truefit.com/Home
http://www.truefit.com
https://www.truefit.com/en/home
https://www.truefit.com/#get_whitepaper
http://www.truefit.com/"
TITLE,System Error,6,"#
https://www.truefit.com/x-webdoc://15CCFA1B-37E5-4EE0-AFDF-8B1C7DBD1640/that%20promotes%20the%20economic%20independence%20of%20disadvantaged%20women%20by%20providing%20professional%20attire,%20a%20network%20of%20support%20and%20the%20career%20development%20tools%20to%20help%20women%20thrive%20in%20work%20and%20in%20life.
https://www.truefit.com/x-msg://9/commerce
https://www.truefit.com/file:///C://Users/anadile/Desktop/True%20Fit%20Blog%20Posts/that%20promotes%20the%20economic%20independence%20of%20disadvantaged%20women%20by%20providing%20professional%20attire,%20a%20network%20of%20support%20and%20the%20career%20development%20tools%20to%20help%20women%20thrive%20in%20work%20and%20in%20life
https://www.truefit.com/x-webdoc://0FEB7C1D-EC27-4156-AF9D-C978B5179E5D/that%20promotes%20the%20economic%20independence%20of%20disadvantaged%20women%20by%20providing%20professional%20attire,%20a%20network%20of%20support%20and%20the%20career%20development%20tools%20to%20help%20women%20thrive%20in%20work%20and%20in%20life.
https://www.truefit.com/x-msg://16/#WIREDRETAIL
https://www.truefit.com/x-webdoc://774220ED-78E5-4EF7-8EA4-FF4F6FF2DCFC/Honoring%20the%20information%20exchange%20means%20identifying%20each%20customer%E2%80%99s%20top%20purchasing%20priorities%20and%20delivering%20relevant%20offers%20at%20precisely%20the%20right%20moment."
TITLE,"
	True Fit® | Genome. Consumer profiles, Transaction data, Fit & Style Data Aggregated, Normalized, Mapped
",5,"#
http://www.truefit.com/products/genome
http://www.truefit.com/products/genome/
https://www.truefit.com/Products/Genome
https://www.truefit.com/en/Products/Genome
https://www.truefit.com/products/genome"
TITLE,"
	True Fit® | The Future of Personalization Series
",5,"#
https://www.truefit.com/resources/The-Future-of-Personalization-Series
https://www.truefit.com/en/Resources/The-Future-of-Personalization-Series
https://www.truefit.com/Resources/The-Future-of-Personalization-Series
https://www.truefit.com/resources/the-future-of-personalization/
https://www.truefit.com/de/Resources/The-Future-of-Personalization-Series"
TITLE,"
	True Fit® | Discovery Engine® - Find Your True Fit
",4,"#
https://www.truefit.com/de/Products/Discovery-Engine
https://www.truefit.com/products/discovery-engine
https://www.truefit.com/Products/Discovery-Engine
http://www.truefit.com/products/discovery-engine/"
TITLE,"
	True Fit® | TRUE TO YOU
",4,"#
https://www.truefit.com/Blog/
https://www.truefit.com/blog
https://www.truefit.com/de/Blog/
https://www.truefit.com/de/Blog"
TITLE,"
	True Fit® | True Insight™ | Unparalleled Data = Unparalleled Insights
",4,"#
https://www.truefit.com/de/Products/True-Insights
https://www.truefit.com/products/insight
https://www.truefit.com/Products/True-Insights
http://www.truefit.com/products/insight/"
TITLE,"
	True Fit® | What We Do
",4,"#
https://www.truefit.com/About-Us/What-We-Do
https://www.truefit.com/de/About-Us/What-We-Do
https://www.truefit.com/about-us/what-we-do
http://www.truefit.com/about-us/what-we-do/"
TITLE,"
	True Fit® | Who We Are
",4,"#
http://www.truefit.com/about-us/who-we-are/
https://www.truefit.com/About-Us/Who-We-Are
https://www.truefit.com/about-us/who-we-are
https://www.truefit.com/de/About-Us/Who-We-Are"
TITLE,"
	True Fit® | Careers – Find Your True Fit with Us
",3,"#
https://www.truefit.com/about-us/careers
https://www.truefit.com/de/About-Us/Careers
https://www.truefit.com/About-Us/Careers"
TITLE,"
	True Fit® | Confidence Engine -Personal fit, style, and size advise. Reduce returns, increase conversions and revenue.
",3,"#
https://www.truefit.com/products/confidence-engine
https://www.truefit.com/Products/Confidence-Engine
http://www.truefit.com/products/confidence-engine/"
TITLE,"
	True Fit® | OMNI™ - Every body. Every wear.
",3,"#
https://www.truefit.com/products/omni
https://www.truefit.com/de/Products/True-OMNI
https://www.truefit.com/Products/True-OMNI"
TITLE,"
	True Fit® | Request A Demo
",3,"#
https://www.truefit.com/Request-Demo
https://www.truefit.com/request-demo
https://www.truefit.com/en/Request-Demo"
TITLE,"
	True Fit® | The Future of Personalization in apparel and footwear retail 
",3,"#
http://www.truefit.com/wp-future-of-personalization
https://www.truefit.com/wp-future-of-personalization
https://www.truefit.com/en/wp-future-of-personalization"
TITLE,"
	True Fit® | Artificial Intelligence in Retail 
",2,"#
https://www.truefit.com/en/Blog/October-2016/Artificial-Intelligence-in-Retail
https://www.truefit.com/Blog/October-2016/Artificial-Intelligence-in-Retail"
TITLE,"
	True Fit® | Contact Us
",2,"#
https://www.truefit.com/en/About-Us/Contact-Us
https://www.truefit.com/About-Us/Contact-Us"
TITLE,"
	True Fit® | DIY True Fit Halloween Costumes: Classics
",2,"#
https://www.truefit.com/Blog/October-2016/DIY-True-Fit-Halloween-Costumes-Classics
https://www.truefit.com/en/Blog/October-2016/DIY-True-Fit-Halloween-Costumes-Classics"
TITLE,"
	True Fit® | DIY True Fit Halloween Costumes: Couples
",2,"#
https://www.truefit.com/Blog/October-2016/DIY-True-Fit-Halloween-Costumes-Couples
https://www.truefit.com/en/Blog/October-2016/DIY-True-Fit-Halloween-Costumes-Couples"
TITLE,"
	True Fit® | DIY True Fit Halloween Costumes: Throwbacks
",2,"#
https://www.truefit.com/Blog/October-2016/DIY-True-Fit-Halloween-Costumes-Throwbacks
https://www.truefit.com/en/Blog/October-2016/DIY-True-Fit-Halloween-Costumes-Throwbacks"
TITLE,"
	True Fit® | Genome™ - Fit & Style Data Aggregated, Normalized, Mapped
",2,"#
https://www.truefit.com/de/products/genome
https://www.truefit.com/de/Products/Genome"
TITLE,"
	True Fit® | How to Get Fitted Instantly
",2,"#
https://www.truefit.com/Blog/February-2014/How-to-Get-Fitted-Instantly
https://www.truefit.com/Blog/June-2014/How-to-Get-Fitted-Instantly"
TITLE,"
	True Fit® | Know Your Labels: Tommy Hilfiger
",2,"#
https://www.truefit.com/Blog/July-2014/Know-Your-Labels-Tommy-Hilfiger
https://www.truefit.com/Blog/October-2016/Know-Your-Labels-Tommy-Hilfiger"
TITLE,"
	True Fit® | Privacy Policy
",2,"#
https://www.truefit.com/en/Privacy-Policy
https://www.truefit.com/privacy-policy"
TITLE,"
	True Fit® | Sizing Explained: Why a Size 6 is not a 6 Across Brands  
",2,"#
https://www.truefit.com/en/Blog/August-2016/Sizing-Explained-Why-a-Size-6-is-not-a-6-Across-B
https://www.truefit.com/Blog/August-2016/Sizing-Explained-Why-a-Size-6-is-not-a-6-Across-B"
TITLE,"
	True Fit® | State of Returns - Apparel and Footwear Retail
",2,"#
https://www.truefit.com/en/wp-state-of-returns
https://www.truefit.com/wp-state-of-returns"
TITLE,"
	True Fit® | Terms of Use
",2,"#
https://www.truefit.com/en/Terms-of-Use
https://www.truefit.com/terms-of-use"
TITLE,"
	True Fit® | Thousands of Brands True to You
",2,"#
https://www.truefit.com/Partners/Brand-Data-Partners
https://www.truefit.com/de/Partners/Brand-Data-Partners"
TITLE,"
	True Fit® | True Fit Challenges Luxury at Decoded Fashion London
",2,"#
https://www.truefit.com/Blog/June-2015/True-Fit-Challenges-Luxury-at-Decoded-Fashion-(1)
https://www.truefit.com/Blog/June-2015/True-Fit-Challenges-Luxury-at-Decoded-Fashion-Lond"
TITLE,"
	True Fit® | True Fit’s Moving and Shaking! Announcing $25 Million in Series B Funding
",2,"#
https://www.truefit.com/Blog/July-2016/True-Fit’s-Moving-and-Shaking!-Announcing-$25-Mill
https://www.truefit.com/Blog/July-2016/True-Fit%E2%80%99s-Moving-and-Shaking!-Announcing-$25-Mill"
TITLE,"
	True Fit® | True-to-You-2017
",2,"#
https://www.truefit.com/en/True-to-You-2017
https://www.truefit.com/True-to-You-2017"
TITLE,"
	True Fit® | Trusted By the Worlds Leading Retailers
",2,"#
https://www.truefit.com/de/Partners/Retail-Clients
https://www.truefit.com/Partners/Retail-Clients"
TITLE,"
	True Fit® |  Levi’s Helps Customers Find their True Fit in Europe
",2,"#
https://www.truefit.com/Blog/August-2017/Levi%E2%80%99s-Helps-Customers-Find-their-True-Fit-in-Euro
https://www.truefit.com/Blog/August-2017/Levi’s-Helps-Customers-Find-their-True-Fit-in-Euro"
TITLE,"
	True Fit® | “BIG” Things Happening in 2017
",2,"#
https://www.truefit.com/Blog/January-2017-(1)/BIG”-Things-Happening-in-2017
https://www.truefit.com/Blog/January-2017-(1)/BIG%E2%80%9D-Things-Happening-in-2017"
H1-1,404,57,"#
https://www.truefit.com/storify.com/truefit/shoptalk-2016
http://www.truefit.com/about-us/worlds_largest_collection
https://www.truefit.com/storify.com/truefit/demandwarexchange-2016-recap
http://www.truefit.com/partners/retail_partners
https://www.truefit.com/bcbg.com
https://www.truefit.com/{{postSet[11].link}}
https://www.truefit.com/user/findyourtruefit
https://www.truefit.com//www.youtube.com/yt/press/vi/
https://www.truefit.com/channel/UC_ouPKcPUKJvqyMptf8BgiQ
https://www.truefit.com/channel/UCOpNcN46UbXVtpKMrmU4Abg
https://www.truefit.com/testtube
https://www.truefit.com/channel/UCzuqhhs6NWbgTzMuM09WKDQ
https://www.truefit.com/feed/history
https://www.truefit.com//www.youtube.com/upload
https://www.truefit.com/feed/trending
https://www.truefit.com/channel/UCwZ2ZaFfTusqV_MGMHUnEsg
https://www.truefit.com/channel/UCF13N77w2qo8HeoI1uBvCHQ
https://www.truefit.com//www.youtube.com/yt/creators/
https://www.truefit.com//www.youtube.com/yt/advertise/
https://www.truefit.com/channel/UCI2OiZs5aVcyBUBVsgovzng
https://www.truefit.com/channel/UC-9-kyTW8ZkZNDHQJ6FgpwQ
https://www.truefit.com/shop.guess.com/en/Catalog/View/men/denim/regular-straight-jeans-in-drag-chain-wash/MB1AR421KD0
https://www.truefit.com//www.youtube.com/yt/dev/vi/
https://www.truefit.com/channel/UCWJ3GBJGyqhA1RHGH1Rofiw
https://www.truefit.com/channel/UCruaM4824Rr_ry7fsD5Jwag
https://www.truefit.com/channel/UCA3GtNtuKvcj6VrwZ5Gpx9g
https://www.truefit.com//www.youtube.com/yt/copyright/vi/
https://www.truefit.com//www.youtube.com/yt/about/vi/
https://www.truefit.com/channels
https://www.truefit.com/t/terms
http://www.truefit.com/partners/brand_data_partners
https://www.truefit.com//www.youtube.com/yt/policyandsafety/vi/
https://www.truefit.com/channel/UCEgdi0XIXXZ-qJOFPf4JSKw
https://www.truefit.com/{{postSet[10].link}}
https://www.truefit.com/user/doctruyencotich
https://www.truefit.com/{{postSet[1].link}}
https://www.truefit.com/{{postSet[3].link}}
https://www.truefit.com/{{postSet[4].link}}
https://www.truefit.com/{{resource.link}}
http://www.truefit.com/about-us/how_it_works
https://www.truefit.com//storify.com/truefit/the-big-show-recap
https://www.truefit.com/{{postSet[5].link}}
http://www.truefit.com/contact
https://www.truefit.com/{{postSet[0].link}}
https://www.truefit.com/{{postSet[7].link}}
https://www.truefit.com/{{postSet[9].link}}
https://www.truefit.com/{{postSet[2].link}}
https://www.truefit.com/channel/UC4R8DWoMoI7CAwX8_LjQHig
https://www.truefit.com/{{postSet[8].link}}
https://www.truefit.com/RetailMeNot.com
https://www.truefit.com/www.tommybahama.com/TBG/Stores_Restaurants.jsp
https://www.truefit.com/{{postSet[6].link}}
https://www.truefit.com/www.louisboston.com
https://www.truefit.com/TheOutnet.com
https://www.truefit.com/channel/UCYfdidRxbB8Qhf0Nx7ioOYw
https://www.truefit.com/channel/UCf4KUO6QxpVPwgLzaCcupcQ
https://www.truefit.com/wp-future-o"
H1-1,System Error,6,"#
https://www.truefit.com/x-webdoc://15CCFA1B-37E5-4EE0-AFDF-8B1C7DBD1640/that%20promotes%20the%20economic%20independence%20of%20disadvantaged%20women%20by%20providing%20professional%20attire,%20a%20network%20of%20support%20and%20the%20career%20development%20tools%20to%20help%20women%20thrive%20in%20work%20and%20in%20life.
https://www.truefit.com/x-msg://9/commerce
https://www.truefit.com/file:///C://Users/anadile/Desktop/True%20Fit%20Blog%20Posts/that%20promotes%20the%20economic%20independence%20of%20disadvantaged%20women%20by%20providing%20professional%20attire,%20a%20network%20of%20support%20and%20the%20career%20development%20tools%20to%20help%20women%20thrive%20in%20work%20and%20in%20life
https://www.truefit.com/x-webdoc://0FEB7C1D-EC27-4156-AF9D-C978B5179E5D/that%20promotes%20the%20economic%20independence%20of%20disadvantaged%20women%20by%20providing%20professional%20attire,%20a%20network%20of%20support%20and%20the%20career%20development%20tools%20to%20help%20women%20thrive%20in%20work%20and%20in%20life.
https://www.truefit.com/x-msg://16/#WIREDRETAIL
https://www.truefit.com/x-webdoc://774220ED-78E5-4EF7-8EA4-FF4F6FF2DCFC/Honoring%20the%20information%20exchange%20means%20identifying%20each%20customer%E2%80%99s%20top%20purchasing%20priorities%20and%20delivering%20relevant%20offers%20at%20precisely%20the%20right%20moment."
H1-1,"

                TRUE TO YOU
            ",4,"#
https://www.truefit.com/Blog/
https://www.truefit.com/blog
https://www.truefit.com/de/Blog/
https://www.truefit.com/de/Blog"
H1-1,Artificial Intelligence in Retail ,2,"#
https://www.truefit.com/en/Blog/October-2016/Artificial-Intelligence-in-Retail
https://www.truefit.com/Blog/October-2016/Artificial-Intelligence-in-Retail"
H1-1,DIY True Fit Halloween Costumes: Classics,2,"#
https://www.truefit.com/Blog/October-2016/DIY-True-Fit-Halloween-Costumes-Classics
https://www.truefit.com/en/Blog/October-2016/DIY-True-Fit-Halloween-Costumes-Classics"
H1-1,DIY True Fit Halloween Costumes: Couples,2,"#
https://www.truefit.com/Blog/October-2016/DIY-True-Fit-Halloween-Costumes-Couples
https://www.truefit.com/en/Blog/October-2016/DIY-True-Fit-Halloween-Costumes-Couples"
H1-1,DIY True Fit Halloween Costumes: Throwbacks,2,"#
https://www.truefit.com/Blog/October-2016/DIY-True-Fit-Halloween-Costumes-Throwbacks
https://www.truefit.com/en/Blog/October-2016/DIY-True-Fit-Halloween-Costumes-Throwbacks"
H1-1,How to Get Fitted Instantly,2,"#
https://www.truefit.com/Blog/February-2014/How-to-Get-Fitted-Instantly
https://www.truefit.com/Blog/June-2014/How-to-Get-Fitted-Instantly"
H1-1,Know Your Labels: Tommy Hilfiger,2,"#
https://www.truefit.com/Blog/July-2014/Know-Your-Labels-Tommy-Hilfiger
https://www.truefit.com/Blog/October-2016/Know-Your-Labels-Tommy-Hilfiger"
H1-1,Privacy & Security Policy,2,"#
https://www.truefit.com/en/Privacy-Policy
https://www.truefit.com/privacy-policy"
H1-1,Sizing Explained: Why a Size 6 is not a 6 Across Brands  ,2,"#
https://www.truefit.com/en/Blog/August-2016/Sizing-Explained-Why-a-Size-6-is-not-a-6-Across-B
https://www.truefit.com/Blog/August-2016/Sizing-Explained-Why-a-Size-6-is-not-a-6-Across-B"
H1-1,TERMS OF USE,2,"#
https://www.truefit.com/en/Terms-of-Use
https://www.truefit.com/terms-of-use"
H1-1,True Fit Challenges Luxury at Decoded Fashion London,2,"#
https://www.truefit.com/Blog/June-2015/True-Fit-Challenges-Luxury-at-Decoded-Fashion-(1)
https://www.truefit.com/Blog/June-2015/True-Fit-Challenges-Luxury-at-Decoded-Fashion-Lond"
H1-1,True Fit’s Moving and Shaking! Announcing $25 Million in Series B Funding,2,"#
https://www.truefit.com/Blog/July-2016/True-Fit’s-Moving-and-Shaking!-Announcing-$25-Mill
https://www.truefit.com/Blog/July-2016/True-Fit%E2%80%99s-Moving-and-Shaking!-Announcing-$25-Mill"
H1-1, Levi’s Helps Customers Find their True Fit in Europe,2,"#
https://www.truefit.com/Blog/August-2017/Levi%E2%80%99s-Helps-Customers-Find-their-True-Fit-in-Euro
https://www.truefit.com/Blog/August-2017/Levi’s-Helps-Customers-Find-their-True-Fit-in-Euro"
H1-1,“BIG” Things Happening in 2017,2,"#
https://www.truefit.com/Blog/January-2017-(1)/BIG”-Things-Happening-in-2017
https://www.truefit.com/Blog/January-2017-(1)/BIG%E2%80%9D-Things-Happening-in-2017"
META DESCRIPTION,Use the world’s largest data set of rich connected fit and style data to solve the industry’s biggest challenges and unlock its richest opportunities.,7,"#
http://www.truefit.com/products/genome
http://www.truefit.com/products/genome/
https://www.truefit.com/Products/Genome
https://www.truefit.com/en/Products/Genome
https://www.truefit.com/products/genome
https://www.truefit.com/de/products/genome
https://www.truefit.com/de/Products/Genome"
META DESCRIPTION,"True Fit helps people find clothes and shoes they’ll love and keep.  Find Your True Fit. Size advise and personalization software for the world’s leading apparel and footwear retailers. Offering not just a fit tool for ecommerce, but a comprehensive personalization platform.",6,"#
https://www.truefit.com/
https://www.truefit.com/Home
http://www.truefit.com
https://www.truefit.com/en/home
https://www.truefit.com/#get_whitepaper
http://www.truefit.com/"
META DESCRIPTION,"The Future of Personalization is a series of short documentary style discussions featuring Forrester and other ecommerce leaders, presented by True Fit.",5,"#
https://www.truefit.com/resources/The-Future-of-Personalization-Series
https://www.truefit.com/en/Resources/The-Future-of-Personalization-Series
https://www.truefit.com/Resources/The-Future-of-Personalization-Series
https://www.truefit.com/resources/the-future-of-personalization/
https://www.truefit.com/de/Resources/The-Future-of-Personalization-Series"
META DESCRIPTION,Apply the industry’s richest data set to unlock its richest opportunity.  We help real people find clothes & shoes they’ll love and keep.,4,"#
https://www.truefit.com/de/Products/Discovery-Engine
https://www.truefit.com/products/discovery-engine
https://www.truefit.com/Products/Discovery-Engine
http://www.truefit.com/products/discovery-engine/"
META DESCRIPTION,"Personal fit ratings, size recommendations, and fit details for 100% of users.  Apply footwear & apparel’s biggest data set to solve its biggest challenge.",4,"#
https://www.truefit.com/products/confidence-engine
https://www.truefit.com/Products/Confidence-Engine
http://www.truefit.com/products/confidence-engine/
https://www.truefit.com/de/Products/Confidence-Engine"
META DESCRIPTION,True Fit helps real people find clothes and shoes they’ll love and keep.,4,"#
https://www.truefit.com/About-Us/What-We-Do
https://www.truefit.com/de/About-Us/What-We-Do
https://www.truefit.com/about-us/what-we-do
http://www.truefit.com/about-us/what-we-do/"
META DESCRIPTION,"True Fit’s team and investors have have years of experience spanning data science, ecommerce, retail, and technology.",4,"#
http://www.truefit.com/about-us/who-we-are/
https://www.truefit.com/About-Us/Who-We-Are
https://www.truefit.com/about-us/who-we-are
https://www.truefit.com/de/About-Us/Who-We-Are"
META DESCRIPTION,"True Insight™ uses True Fit’s footwear & apparel Genome™ to provide marketers, merchandisers, and product leaders transformative information.",4,"#
https://www.truefit.com/de/Products/True-Insights
https://www.truefit.com/products/insight
https://www.truefit.com/Products/True-Insights
http://www.truefit.com/products/insight/"
META DESCRIPTION,"Come work with the best in the world as we together work to unlock the largest consumer vertical for retailers, brands, and consumers.",3,"#
https://www.truefit.com/about-us/careers
https://www.truefit.com/de/About-Us/Careers
https://www.truefit.com/About-Us/Careers"
META DESCRIPTION,"OMNI by True Fit allows retailers to integrate its powerful Confidence & Discovery Engines directly into native apps, mobile POS / clienteling solutions.",3,"#
https://www.truefit.com/products/omni
https://www.truefit.com/de/Products/True-OMNI
https://www.truefit.com/Products/True-OMNI"
META DESCRIPTION,Request A Demo,3,"#
https://www.truefit.com/Request-Demo
https://www.truefit.com/request-demo
https://www.truefit.com/en/Request-Demo"
META DESCRIPTION,The Future of Personalization in apparel and footwear retail ,3,"#
http://www.truefit.com/wp-future-of-personalization
https://www.truefit.com/wp-future-of-personalization
https://www.truefit.com/en/wp-future-of-personalization"
META DESCRIPTION,Contact Us,2,"#
https://www.truefit.com/en/About-Us/Contact-Us
https://www.truefit.com/About-Us/Contact-Us"
META DESCRIPTION,"Join our network of over 3,000 top brands that are using their existing data to help drive new growth with True Fit’s Confidence and Discovery Engines.",2,"#
https://www.truefit.com/Partners/Brand-Data-Partners
https://www.truefit.com/de/Partners/Brand-Data-Partners"
META DESCRIPTION,Privacy Policy,2,"#
https://www.truefit.com/en/Privacy-Policy
https://www.truefit.com/privacy-policy"
META DESCRIPTION,Terms of Use,2,"#
https://www.truefit.com/en/Terms-of-Use
https://www.truefit.com/terms-of-use"
META DESCRIPTION,"The State of Returns, a special report from True True Fit, explores a growing concern for the retail industry – the rise of return rates. ",2,"#
https://www.truefit.com/en/wp-state-of-returns
https://www.truefit.com/wp-state-of-returns"
META DESCRIPTION,True Fit’s award-winning Confidence and Discovery Engines drive ab proven  incremental net revenue for the world’s leading retailers.,2,"#
https://www.truefit.com/de/Partners/Retail-Clients
https://www.truefit.com/Partners/Retail-Clients"
H2-1,Contact Us,753,"#
https://www.truefit.com/products/confidence-engine
https://www.truefit.com/Products/Confidence-Engine
http://www.truefit.com/products/confidence-engine/
https://www.truefit.com/webinar-returns
https://www.truefit.com/Blog/February-2017/30-Million-Registered-Users-Milestone-Surpassed
https://www.truefit.com/Blog/January-2015/True-Fit-Adoption-Surges-Five-Million-Users-And-A
https://www.truefit.com/Blog/October-2013/BREAKING-NEWS-True-Fit-Platform-Becomes-World’s-L
https://www.truefit.com/Blog/August-2015/How-Fit-Personalization-Technology-Reduces-Returns
https://www.truefit.com/Blog/January-2014/BREAKING-NEWS-Hudson’s-Bay-and-Lord-Taylor-Part
https://www.truefit.com/
https://www.truefit.com/Home
http://www.truefit.com
https://www.truefit.com/en/home
https://www.truefit.com/#get_whitepaper
http://www.truefit.com/
https://www.truefit.com/Blog/August-2017/Academy-Sports-Outdoors-Helps-Everyday-Athletes
http://www.truefit.com/products/genome
http://www.truefit.com/products/genome/
https://www.truefit.com/Products/Genome
https://www.truefit.com/en/Products/Genome
https://www.truefit.com/products/genome
https://www.truefit.com/Blog/August-2014/Performance-athletic-and-outdoor-innovator,-Gore-A
https://www.truefit.com/Blog/May-2015/New-York-Company-Goes-Live-with-True-Fit,-Delive
https://www.truefit.com/Blog/March-2016/Clarks-Continues-Its-Tradition-of-Innovation-with
https://www.truefit.com/Blog/July-2016/Retreat-and-Disrupt-2016- -Thoughtful-Immersion-wi
https://www.truefit.com/Blog/April-2014/Be-Interactive,-Creative-and-Fresh-Leveraging-Mul
https://www.truefit.com/Blog/April-2017/Drapers-Digital-Festival-Recap
https://www.truefit.com/Blog/July-2017-(1)/Fung-Global-Retail-and-Technology-Releases-Deep-D
https://www.truefit.com/Blog/September-2017/Shop-org-2017-–-Will-True-Fit-See-You-There
https://www.truefit.com/Blog/October-2013/Bridging-the-Confidence-Gap-Read-All-About-True-F
https://www.truefit.com/Blog/May-2015/True-Fit-Featured-in-GDR-Creative-Intelligence’s-M
https://www.truefit.com/Blog/October-2015/Strut-for-Scholarships-True-Fit-Sponsors-Runway-B
https://www.truefit.com/Blog/November-2015/True-Stories-Garment-Technologist-Pattern-Cutte
https://www.truefit.com/Blog/October-2016/The-Future-of-Personalization-Striking-a-Balance
https://www.truefit.com/Blog/May-2016/True-Stories-Carolyn-Ann-Wang,-Senior-Merchandisi
https://www.truefit.com/Blog/December-2015/True-Fit-and-Brooks-Bell-Partner-to-Bring-Retailer
https://www.truefit.com/Blog/June-2014/House-of-Fraser-Wins-Digital-Launch-of-the-Year”
https://www.truefit.com/Blog/April-2014/What-Can-Brands-and-Retailers-Do-After-the-Sale-to
https://www.truefit.com/Blog/July-2014/True-Fit-Joins-Digital-Thought-Leaders-for-Retreat
https://www.truefit.com/Blog/July-2014/Fast-Company-How-Machine-Algorithms-are-Shaping-t
https://www.truefit.com/Blog/October-2013/Stiletto-Strapping,-Multiplatforming-and-Staying-O
https://www.truefit.com/Blog/April-2014/Savvy-Brands-and-Retailers-Take-to-Social-to-Engag
https://www.truefit.com/Blog/May-2017-(1)/Aldo-Cites-True-Fit-as-a-Complement-to-Streamlined
https://www.truefit.com/Blog/December-2016/Fit-to-be-Festive,-Part-2-Dinnerwear-that-Gives-a
https://www.truefit.com/Blog/August-2017/Join-the-Webinar-August-29th-at-11AM-ET
https://www.truefit.com/Blog/August-2017/Forbes-Highlights-the-E-Commerce-Battle-with-Unha
https://www.truefit.com/Blog/March-2014/Fit-is-Just-a-Piece-of-the-Pie-Don’t-Forget-About
https://www.truefit.com/Blog/February-2017/Just-Do-It-3-Nike-Styles-That-You-Shouldn’t-Hesit
https://www.truefit.com/Blog/July-2016/True-Fit’s-Moving-and-Shaking!-Announcing-$25-Mill
https://www.truefit.com/Blog/May-2017-(1)/Drapers-Digital-Festival-Recap-Levi’s-Marc-Rosen
https://www.truefit.com/Blog/July-2016/True-Fit%E2%80%99s-Moving-and-Shaking!-Announcing-$25-Mill
https://www.truefit.com/Blog/January-2016/The-Future-of-Personalization-Series-Part-5A-Pe
https://www.truefit.com/Blog/April-2014/True-Stories-Q-A-with-Charlene-Kim-of-Jodi-Kristo
https://www.truefit.com/Blog/June-2016/The-Personalization-Divide-Retailer-Offerings-vs
https://www.truefit.com/Blog/March-2017/Fit-Matters-Co-founder-Jessica-Murphy-Talks-Sizin
https://www.truefit.com/Blog/April-2015/Shopping’s-Future-Forrester-Research-Analyzes-Per
https://www.truefit.com/Blog/October-2017-(1)/True-Fit-Brings-the-Funk-at-Shop-org-2017
https://www.truefit.com/Blog/June-2014/The-Pandora-for-Online-Shopping-Good-Morning-Amer
https://www.truefit.com/Blog/September-2014/True-Stories-7-For-All-Mankind-Retail-Lead-Fit
https://www.truefit.com/Blog/April-2016/True-Stories-Victorinox-Swiss-Army-Apparel-Design
https://www.truefit.com/Blog/May-2015/TRUE-STORIES-Jenny-Graham-Toni-Spencer-of-Velve
https://www.truefit.com/Blog/May-2017-(1)/5-Questions-Retailers-Must-be-Able-to-Answer-to-Lo
https://www.truefit.com/Blog/August-2016/True-Life-Q-A-with-Jim-Scouras,-Senior-Software-E
https://www.truefit.com/Blog/September-2017/Levi’s-new-AI-Chatbot-Featuring-True-Fit-Profiled
https://www.truefit.com/Blog/June-2016/True-Life-Q-A-with-Rhonda-Phillips,-Senior-Data-S
https://www.truefit.com/Blog/February-2014/Up-the-Ante-on-Loyalty,-Retailers-Ways-to-Motivat
https://www.truefit.com/Blog/November-2013/BREAKING-NEWS-True-Fit-goes-live-on-lordandtaylor
https://www.truefit.com/Blog/December-2015/The-Future-of-Personalization-Series-Part-6-The
https://www.truefit.com/Blog/October-2017-(1)/ASICS-Reports-150-Increase-in-Conversion-Since-Im
https://www.truefit.com/Blog/April-2014/True-Stories-Eric-Wazana,-President-of-Second-Den
https://www.truefit.com/Blog/March-2016/From-March-slush-to-April-Showers-TuesdayShoesda
https://www.truefit.com/Blog/October-2017-(1)/Moosejaw-CaseStudy
https://www.truefit.com/Blog/May-2014/A-Win-For-All-Hudson’s-Bay-Co-Talks-True-Fit-wit
https://www.truefit.com/Blog/June-2017/shop-for-others
https://www.truefit.com/Blog/July-2014/Reuters-Digital-Technology-to-Help-Online-Shopper
https://www.truefit.com/Blog/September-2015/At-the-Arrivals-Gate-TravelSmith-Outfitters-Partn
https://www.truefit.com/Blog/August-2014/Back-to-(Fashion)-School-Top-Five-Programs-and-th
https://www.truefit.com/Blog/April-2015/True-Fit-Attends-the-Dress-for-Success-2015-Someth
https://www.truefit.com/Blog/October-2017-(1)/Physical-Digital-The-Omnichannel-Retail-Experi
https://www.truefit.com/Blog/November-2015/The-Future-of-Personalization-Series-Part-Two-Bui
https://www.truefit.com/Blog/September-2017/Plus-Size-Leader-Lane-Bryant-Helps-Even-Women-Find
https://www.truefit.com/Blog/July-2016/True-Life-Q-A-with-Sarah-Hodge,-Senior-Brand-Mana
https://www.truefit.com/Blog/May-2016/Getting-Dressed-for-Everyday-Preppy”-Occasions-wi
https://www.truefit.com/Blog/April-2015/True-Fit-Attends-Dress-for-Success’s-2015-Somethin
https://www.truefit.com/Blog/December-2013/BREAKING-NEWS-True-Fit-Demandware-Partner-to-Ac
https://www.truefit.com/Blog/May-2014/From-Beavers-to-Successful-Co-Founders-A-Babson-A
https://www.truefit.com/Blog/April-2016/True-Fit-Guest-Post-All-Decked-Out-My-Love-Affa
https://www.truefit.com/Blog/November-2014/Discover-the-Future-of-(e)Commerce-with-True-Fit-a
https://www.truefit.com/Blog/December-2015/The-Future-of-Personalization-Series-Part-Three-–
https://www.truefit.com/Blog/June-2014/Solstice-Style-Must-Have-Looks-for-the-Longest-Da
https://www.truefit.com/Blog/February-2014/Confidence-Is-Up!-How-Retailers-Can-Support-Feel-G
https://www.truefit.com/Blog/September-2015/Labor-Day-Looks-End-of-Season-Deals-for-the-Weeke
https://www.truefit.com/Blog/July-2017-(1)/A-True-Success-Revenue-is-Up-at-House-of-Fraser
https://www.truefit.com/Blog/April-2016/Shaping-the-Future-of-Retail-Together-at-Demandwar
https://www.truefit.com/Blog/April-2014/True-Stories-Heidi-Cornell-McKenna-of-Young,-Fabu
https://www.truefit.com/Blog/June-2015/TuesdayShoesday-Find-Your-True-Fit-with-Summer-R
https://www.truefit.com/Blog/May-2014/Putting-your-Brand-in-Shopper’s-Pockets-–-and-Chec
https://www.truefit.com/Blog/May-2017-(1)/Discovery-Channel-High-tech-personalization-and-r
https://www.truefit.com/Blog/November-2016/Living-a-Lifestyle-of-Luxury-with-Ralph-Lauren-UK
https://www.truefit.com/Blog/August-2016/Fruit-Forward-Fashion-Juicy-Looks-for-National-Wa
https://www.truefit.com/Blog/February-2014/Online-Sales-Boost-Encourages-Innovative-Supply-Ch
https://www.truefit.com/Blog/July-2016/TuesdayShoesday-Sporty-Looks-for-Beaching,-Boati
https://www.truefit.com/Blog/December-2015/BCBGMAXAZRIA,-Meet-True-Fit-–-Powerhouse-Duo-of-De
http://www.truefit.com/wp-future-of-personalization
https://www.truefit.com/Blog/August-2014/Emerson-Fry-True-Fit-Get-Inspired-and-Shop-with
https://www.truefit.com/wp-future-of-personalization
https://www.truefit.com/Blog/June-2014/Multiple-Retail-Destinations,-One-Customer-Service
https://www.truefit.com/Blog/August-2015/Calling-All-Athletes-in-Germany-Time-to-Shop-with
https://www.truefit.com/Blog/December-2015/The-Future-of-Personalization-Series-Part-5-Our
https://www.truefit.com/Blog/September-2014/Shop-Social-Big-Brands-Making-Bold-Moves-in-the-S
https://www.truefit.com/Blog/September-2015/True-Stories-W-R-K-Founder-Creative-Director-Matt
https://www.truefit.com/en/wp-future-of-personalization
https://www.truefit.com/Blog/December-2014/Fittingly-Festive-Fetes-Head-to-Toe-Holiday-Party
https://www.truefit.com/Blog/May-2017-(1)/Kentucky-Derby-Style-Frocks,-Fascinators,-Seersuc
https://www.truefit.com/Blog/March-2016/Getting-in-the-True-Boston-Irish-Spirit-for-St-Pa
https://www.truefit.com/Blog/May-2014/Shop-outside-of-the-box-Savvy-solutions-for-style
https://www.truefit.com/Blog/January-2015/70s-the-word-wide-leg-jeans-sashay-back-into-the
https://www.truefit.com/Blog/August-2016/tuesdayshoesday-Sweet-Sneakers-to-Pair-with-Summ
https://www.truefit.com/Blog/January-2015/Golden-Globe-recap-Top-looks-from-retail-and-bran
https://www.truefit.com/Blog/October-2014/Join-Us-in-the-Big-Apple-We’re-Headed-to-Fashion
https://www.truefit.com/Blog/March-2017/March-Madness-Series,-Part-4-Sleek-Looks-for-the
https://www.truefit.com/Blog/August-2017/Thank-You-Q2-Increased-Consumer-Spend,-Led-by-Dig
https://www.truefit.com/Blog/January-2015/Join-True-Fit-at-eTail-West-2015-in-Palm-Springs,
https://www.truefit.com/Blog/March-2016/London-Calling!-True-Fit-Opens-First-Global-Office
https://www.truefit.com/Blog/June-2017/The-State-of-Returns-Life-After-Brick-and-Mortar
https://www.truefit.com/Blog/April-2014/Easter-Egg-Pastels-Bold-Florals- Spring-s-Must-H
https://www.truefit.com/Blog/June-2014/CFDA-Red-Carpet-Report-Congrats-to-all-our-Brand
https://www.truefit.com/Blog/October-2016/The-Future-of-Personalization-The-Confidence-Gap
https://www.truefit.com/Blog/December-2014/Winter-Warming-Perfect-Parkas-to-Prep-for-the-Pol
https://www.truefit.com/Blog/May-2014/True-Stories-Q-A-with-Chesca-Brand-Director-Miche
https://www.truefit.com/Blog/March-2017/March-Madness-Series-Part-2-College-Basketball-Ga
https://www.truefit.com/Blog/November-2015/The-Future-of-Personalization-Series-Part-One-C
https://www.truefit.com/Blog/January-2017-(1)/Introducing-Troy-Brown,-True-Fit’s-New-Chief-Retai
https://www.truefit.com/Blog/May-2017-(1)/ASICS-Gives-Its-Athletes-The-Freedom-to-Find-their
https://www.truefit.com/Blog/July-2017-(1)/Here-Comes-Wedding-Season-Guest-Looks-that-Fit
https://www.truefit.com/Blog/September-2014/The-Digital-Coupon-Craze-is-Upon-Us-–-And-It’s-a-G
https://www.truefit.com/Blog/February-2016/Celebrate-the-Joy-of-Running-with-Brooks-Running
https://www.truefit.com/Blog/June-2016/True-Life-Q-A-with-Jillian-Zieff,-Data-Analyst-at
https://www.truefit.com/Blog/June-2015/Discover-Your-American-Eagle-Outfitters-Style-with
https://www.truefit.com/Blog/August-2016/Surprise!-Lilly-Pulitzer’s-Famous-Summer-Sale-Is-N
https://www.truefit.com/Blog/April-2017/Festival-Fashion-Series,-Part-1
https://www.truefit.com/Blog/September-2015/Mark-Your-Calendars-Can-t-Miss-Boston-Fashion-Wee
https://www.truefit.com/Blog/May-2014/Instant-Fashion-Gratification-Get-it-Right-the-Fi
https://www.truefit.com/Blog/June-2014/Retail-Therapy-How-to-navigate-online-shopping,-s
https://www.truefit.com/Blog/July-2015/Moosejaw-Mountaineering,-Now-Featuring-True-Fit-Te
https://www.truefit.com/Blog/September-2014/Hello-New-York!-Mercedes-Benz-Fashion-Week-Kicks-O
https://www.truefit.com/en/Blog/August-2016/Sizing-Explained-Why-a-Size-6-is-not-a-6-Across-B
https://www.truefit.com/Blog/October-2016/The-Future-of-Personalization-Why-Real-Time-Data
https://www.truefit.com/Blog/May-2014/Hollywood-Walk-of-Fashion-True-Fit-at-Fashion-Dig
https://www.truefit.com/Blog/July-2016/Take-Me-Out-to-the-Ballgame-Leisure-Looks-for-Sum
https://www.truefit.com/Blog/August-2016/Sizing-Explained-Why-a-Size-6-is-not-a-6-Across-B
https://www.truefit.com/Blog/May-2016/Find-Your-Strong-and-Discover-Fit-with-Saucony-T
https://www.truefit.com/Blog/May-2016/Getting-the-Inside-Scoop-on-Next-Gen-Commerce-at-S
https://www.truefit.com/Blog/March-2014/True-Stories-Claudia-Walker,-House-of-Fraser-Deni
https://www.truefit.com/Blog/November-2014/Stay-Digital,-Save-Big-Black-Friday-Cyber-Monda
https://www.truefit.com/products/insight
https://www.truefit.com/Products/True-Insights
https://www.truefit.com/Blog/October-2014/No-Matter-the-Item,-Nordstrom-Has-the-Perfect-Fit
https://www.truefit.com/Blog/September-2014/Sperry-Top-Sider-Expands-True-Fit-to-its-New-Appar
https://www.truefit.com/Blog/July-2015/Cool-Collabs-The-Best-Retailer-Designer-Matchups
https://www.truefit.com/Blog/July-2015/Heat-Sleeker-Wear-to-Work-Summer-Staples-for-Him
http://www.truefit.com/products/insight/
https://www.truefit.com/Blog/November-2015/Heirloom-Quality-Rock-the-Vintage-Look-from-Head
https://www.truefit.com/Blog/December-2014/Get-out-and-Play!-Sporty-Styles-for-Whatever-the-W
https://www.truefit.com/Blog/April-2015/Join-Us-in-London-We’re-Headed-to-Drapers-Digital
https://www.truefit.com/Blog/July-2015/The-Rise-of-In-Store-Personalization-a-Forrester
https://www.truefit.com/Blog/September-2016/NYFW-SS17-Has-Begun!-Catch-our-Favorite-Brands-in
https://www.truefit.com/Blog/March-2014/Showrooming-How-Retailers-Can-Use-it-to-Their-Adv
https://www.truefit.com/Blog/September-2016/Back-to-Work-Post-Labor-Day-Looks-that-Get-the-Jo
https://www.truefit.com/Blog/May-2015/kate-spade-new-york-Introduces-True-Fit-on-katespa
https://www.truefit.com/Blog/June-2016/Wedding-Belles-Beachy-Chic-to-Semi-Formal-Big-Day
https://www.truefit.com/Blog/August-2015/eTail-East,-Boston-2015-Special-Edition-Were-You
https://www.truefit.com/Blog/October-2014/True-Fit-s-Fall-Layering-Guide-– What-to-Wear,-Rig
https://www.truefit.com/Blog/October-2017-(1)/Truly-Shoppable-Retail-You-Personalize-They-Purc
https://www.truefit.com/Blog/June-2015/Retail-Report-5-Digital-Tools-that-Make-Shopping
https://www.truefit.com/Blog/December-2015/The-Future-of-Personalization-Series-Part-4-Dis
https://www.truefit.com/Blog/December-2014/Winter-Fashion-Trend-Report-Plaid,-Cable-Knit-and
https://www.truefit.com/Blog/June-2015/True-Fit-CEO,-William-Adler-Joins-British-Fashion
https://www.truefit.com/Blog/December-2016/How-to-Sell-Designer-Fashion-Online
https://www.truefit.com/Blog/December-2016/Fit-to-be-Festive,-Part-3-Count-Down-to-2017,-in
https://www.truefit.com/Blog/April-2014/True-Fit-Makes-Record-Investment-into-the-Future-o
https://www.truefit.com/Blog/May-2014/Social-Media-Report-Brands-We-Love-Across-All-Cha
https://www.truefit.com/Blog/May-2017-(1)/True-Fit-co-founder-presents-award-to-Oasis-for-Be
https://www.truefit.com/Blog/March-2014/Ears-up-Retailers-This-is-What-True-Fit-Can-Do-Fo
https://www.truefit.com/Blog/July-2014/Stay-Cool-E-commerce-Trends-for-the-Dog-Days-of-S
https://www.truefit.com/Blog/November-2014/Vince-Beese-Appointed-Chief-Revenue-Officer-of-Tru
https://www.truefit.com/Blog/January-2015/Mountain-Fashion-101-What-to-Pack-for-your-Ski-Ge
https://www.truefit.com/Blog/July-2014/O,-The-Oprah-Magazine-Solving-the-Online-Denim-Di
https://www.truefit.com/Blog/May-2017-(1)/The-State-of-Returns-Not-all-Returns-are-Created
https://www.truefit.com/Blog/December-2015/Winter-Is-Coming!-Find-Your-True-Fit-with-UGG-Aust
https://www.truefit.com/Blog/October-2016/Case-Study-UGG-Delivers-Personalization-with-Tr
https://www.truefit.com/Blog/May-2014/Kick-Off-Your-Summer-in-Style-with-Sunshine-Ready
https://www.truefit.com/Blog/June-2015/Product-Recommendations-Personalization-Go-a-Lon
https://www.truefit.com/Blog/March-2016/Creating-a-Retail-Holiday-That’s-True-to-Your-Cons
https://www.truefit.com/Blog/September-2014/Getting-Innovative-with-It-Here’s-What-to-Keep-in
https://www.truefit.com/Blog/February-2016/The-Plague-of-Return-Rates-and-How-to-Combat-the-I
https://www.truefit.com/Blog/February-2014/Read-all-about-True-Fit-in-today-s-Wall-Street-Jou
https://www.truefit.com/Blog/February-2015/Around-the-World-with-Your-Favorite-Retailers-Br
https://www.truefit.com/Blog/July-2014/True-Stories-Q-A-with-Gabby-Skye-Designer-Amie-Ch
https://www.truefit.com/Blog/September-2017/Shop-Talk-Europe-Retail-s-Premier-Event-in-Copen
https://www.truefit.com/Blog/November-2015/Clashing-Colors-Creative-Combos-to-Mix-and-(Mis)m
https://www.truefit.com/Blog/April-2015/Spring-Denim-Report-Modern-Styles-Retro-Silhouet
https://www.truefit.com/Blog/October-2015/Look-Good,-Feel-Confident-with-True-Fit-at-The-Lim
https://www.truefit.com/Blog/April-2014/Spring-Has-Sprung-Your-Guide-to-Inter-Season-Dres
https://www.truefit.com/Blog/February-2015/In-the-Mood-for-Love-Sweet-Styles-for-Valentine-s
https://www.truefit.com/Blog/June-2016/Over-20-Million-Registered-True-Fit-Users-and-Coun
https://www.truefit.com/Blog/April-2017/Festival-Fashion-Series,-Part-2-Show-Some-Shoulde
https://www.truefit.com/Blog/February-2017/How-Emotion-Effects-Retail-Purchases-Brand-Loyal
https://www.truefit.com/Blog/June-2015/What-s-New-Innovations-from-True-Fit-Retail-Partn
https://www.truefit.com/Blog/December-2015/What-to-Wear-Pantone-Colors-Rose-Quartz-and-Seren
https://www.truefit.com/Blog/November-2013/In-the-Trenches-Jackets-to-Combat-Cold-November-R
https://www.truefit.com/Blog/March-2016/True-Stories-Gemma-Metheringham,-CCO-of-Karen-Mil
https://www.truefit.com/Blog/September-2014/Borrowed-from-the-(Grown-Up)-Boys-Menswear-for-Wo
https://www.truefit.com/Blog/July-2015/True-Stories-Charles-Bitton-of-Buffalo-David-Bitt
https://www.truefit.com/Blog/May-2016/Sport-Ready-Looks-for-National-Physical-Fitness-Mo
https://www.truefit.com/Blog/January-2016/True-Stories-Belstaff-US-Men’s-Manager-Marc-Gammi
https://www.truefit.com/Blog/January-2017-(1)/Winter-Wonderland-Part-2-Cold-Weather-Warmers
https://www.truefit.com/Blog/May-2014/May-Flowers-A-101-for-this-season-s-flowery-patte
https://www.truefit.com/Blog/May-2014/Wardrobe-Refresh-3-Ways-to-Explore-New-Styles-Onl
https://www.truefit.com/Blog/April-2014/Three-Ways-to-Make-Shopping-Easier-Through-Technol
https://www.truefit.com/Blog/January-2017-(1)/The-Next-Layer-of-Personalization-Chatbots-in-Ret
https://www.truefit.com/Blog/September-2013/Your-New-Source-for-Fit,-Fashion-and-Forward-Think
https://www.truefit.com/Blog/August-2017/Levi%E2%80%99s-Helps-Customers-Find-their-True-Fit-in-Euro
https://www.truefit.com/Blog/August-2017/Levi’s-Helps-Customers-Find-their-True-Fit-in-Euro
https://www.truefit.com/Blog/May-2017-(1)/Hot-Schott-Find-Your-True-Fit-in-Iconic-Pieces-fr
https://www.truefit.com/Blog/March-2017/Shop-Talk-Private-Concert-Party-with-Ben-Rector
https://www.truefit.com/Blog/April-2017/What-Happens-in-Vegas-A-Look-Back-at-ShopTalk-20
https://www.truefit.com/Blog/February-2016/Join-True-Fit-at-eTail-West-2016-in-Palm-Springs,
https://www.truefit.com/Blog/August-2015/Creative-Class-Printed,-Patterned-Floral-Menswe
https://www.truefit.com/Blog/January-2017-(1)/A-Look-Ahead-2017-Fashion-Retail-Tech-Predictio
https://www.truefit.com/Blog/September-2014/Wear-This,-Not-That-Late-Summer-to-Pre-Fall-Editi
https://www.truefit.com/Blog/June-2016/True-Stories-Ilse-Jacobsen-of-Ilse-Jacobsen-Hornb
https://www.truefit.com/Blog/April-2016/Up-Next-for-True-Fit-the-Drapers-Digital-Forum-20
https://www.truefit.com/Blog/October-2017-(1)/Fabulous-Fits-Neiman-Marcus-Now-Live-with-True-F
https://www.truefit.com/Blog/August-2016/Designed-for-the-Dog-Days-of-Summer-The-Maxi-Dres
https://www.truefit.com/Blog/May-2016/Kentucky-Derby-Style-Dapper-Looks-for-the-Racetra
https://www.truefit.com/Blog/May-2017-(1)/Hung-Up-on-Wrong-Numbers-Why-Size-No-Longer-Matte
https://www.truefit.com/Blog/October-2015/TRUE-FIT-INTRODUCES-GENOME™-FOR-FOOTWEAR-AND-APPAR
https://www.truefit.com/Blog/January-2014/We’re-Merging-How-Fashion-is-Becoming-One-with-Da
https://www.truefit.com/Blog/June-2015/True-Fit-Challenges-Luxury-at-Decoded-Fashion-(1)
https://www.truefit.com/Blog/May-2014/True-Fit-Tackles-Size-Inconsistences-on-Fox-13-Tam
https://www.truefit.com/Blog/March-2014/Hello,-Spring!-Accessories-to-Thaw-Out-Your-Wardro
https://www.truefit.com/Blog/July-2014/Inside-the-Numbers-Shopping-Trends-Across-the-Glo
https://www.truefit.com/Blog/March-2017/Timeless-Classics-Essentials-That-Will-Last-Forev
https://www.truefit.com/Blog/June-2016/Predicting-the-Future-of-Footwear-at-WWD’s-FN-Summ
https://www.truefit.com/Blog/April-2014/London-Calling-True-Fit-Takes-On-Fashion-Digital
https://www.truefit.com/Blog/June-2015/True-Fit-Challenges-Luxury-at-Decoded-Fashion-Lond
https://www.truefit.com/Blog/July-2014/Celebrate-Independence-Day,-Red,-White-Blue-Styl
https://www.truefit.com/Blog/April-2017/April-Showers-Bring-May-Flowers-Florals-for-Sprin
https://www.truefit.com/Blog/June-2014/Summer-Style-Five-of-this-Season-s-Sunniest-Color
https://www.truefit.com/Blog/August-2017/Great-Looks-for-the-Great-Outdoors-Fit-for-Campin
https://www.truefit.com/Blog/May-2015/Retail-Challenges-in-Today’s-Digical”-Environment
https://www.truefit.com/Blog/May-2015/State-of-E-commerce-Forrester-s-Five-Year-Forecas
https://www.truefit.com/Blog/August-2016/True-Stories-Erika-Shulman,-Vigoss-Jeans-VP-Sales
https://www.truefit.com/Blog/October-2017-(1)/Data-Meets-Luxury-Find-Your-True-Fit-at-Michael
https://www.truefit.com/Blog/December-2015/Fashionably-Fitting-Gifts-for-Everyone-on-Your-Lis
https://www.truefit.com/Blog/December-2015/TuesdayShoesday-Footwear-Fit-for-a-New-Years-Fet
https://www.truefit.com/Blog/May-2014/Be-Confident,-Be-Bold-–-Be-True-to-You-Your-Styl
https://www.truefit.com/Blog/April-2014/The-Shopper-Lifecycle-How-to-Engage-at-Every-Stag
https://www.truefit.com/Blog/May-2015/Salomon-Leverages-True-Fit-for-Performance-Outdoor
https://www.truefit.com/Blog/February-2016/True-Stories-Urban-Bliss-Brand-Manager-Sarah-Ahma
https://www.truefit.com/Blog/December-2016/L2-Report-Omnichannel-Leaders-and-Trends-in-2016
https://www.truefit.com/Blog/September-2014/Touchdown!-Stylish-Sportswear-for-Football-Sundays
https://www.truefit.com/Blog/June-2014/USA-TODAY-Size-Up-with-Digital-Tech-like-True-Fit
https://www.truefit.com/Blog/July-2015/Born-in-the-USA-Focus-on-American-Heritage-Brands
https://www.truefit.com/Blog/July-2014/Summer-Lovin-What-to-Pack-for-any-August-Getaway
https://www.truefit.com/Blog/August-2015/Wardrobe-How-To-Make-Summer-Staples-Work-All-Fall
https://www.truefit.com/Blog/May-2014/May-Flowers-A-Guide-to-this-Season-s-Best-Florals
https://www.truefit.com/Blog/December-2014/From-Black-Friday-and-Cyber-Monday-to-the-Holidays
https://www.truefit.com/Blog/October-2016/fashion-How-the-Hashtag-has-Changed-the-Industry
https://www.truefit.com/Blog/April-2017/Festival-Fashion-Series,-Part-3-Finishing-Touches
https://www.truefit.com/Blog/August-2015/Now-Moda-Operandi-Shoppers-Can-Buy-with-Confidence
https://www.truefit.com/Blog/September-2014/True-Stories-Q-A-with-kensie-designer-Vivian-Mui
https://www.truefit.com/Blog/February-2017/Trends-from-NYFW-Men-s-Apparel-Footwear
https://www.truefit.com/Blog/December-2013/Check-Out-True-Fit-in-the-Boston-Business-Journal
https://www.truefit.com/Blog/December-2013/Give-Good-Gift-Your-Holiday-Shopping-Cheat-Sheet
https://www.truefit.com/Blog/August-2015/katespade-com-Discovering-Success-with-True-Fit
https://www.truefit.com/Blog/November-2014/Don-t-Sweat-the-Small-Stuff-The-Oversize-Sweater
https://www.truefit.com/Blog/March-2016/Go-Eco-this-Saint-Patrick-s-Day-with-Green-Garb
https://www.truefit.com/Blog/March-2017/True-Fit-Announces-Partnership-with-Tulip-Retail
https://www.truefit.com/Blog/December-2015/2015-s-Biggest-Digital-Transformations-in-Retail
https://www.truefit.com/Blog/November-2015/Digital-Discovery-Today-s-Ways-to-Find-Fashion
https://www.truefit.com/Blog/January-2014/Fend-Off-Frugal-Fatigue”-with-Sensible-Splurges
https://www.truefit.com/Blog/April-2017/See-you-in-London!-Drapers-Digital-Festival-2017
https://www.truefit.com/Blog/December-2016/Fit-to-be-Festive,-Part-1-Holidays,-on-the-Move
https://www.truefit.com/Blog/December-2015/True-Stories-Victor-Lytvinenko-of-Raleigh-Denim
https://www.truefit.com/Blog/August-2016/Stock-Up-on-Sunny-Styles-Summer-Clearance-Sales
https://www.truefit.com/Blog/March-2015/Spring-into-Action-SS15-Menswear-Fashion-Trends
https://www.truefit.com/Blog/September-2014/These-Boots-are-Made-for-Walking-Fall-Favorites
https://www.truefit.com/Blog/March-2017/Erin-Go-Bragh-This-St-Patrick-s-Day,-Go-Green
https://www.truefit.com/Blog/July-2015/Hot-Deals-Summer-Sales-on-Wear-Right-Now-Styles-(
https://www.truefit.com/Blog/August-2014/Gone-Sustainable-The-Popularity-of-Eco-Fashion
https://www.truefit.com/Blog/August-2014/Interseasonal-Style-The-Art-of-the-Transition
https://www.truefit.com/Blog/April-2016/TuesdayShoesday-Peep-Toe-Your-Way-Into-Spring
https://www.truefit.com/Blog/May-2015/FashionEcommerce-at-Drapers-Digital-Forum-2015
https://www.truefit.com/Blog/May-2015/Guy-s-Guide-to-Spring-Five-Wardrobe-Essentials
https://www.truefit.com/Blog/August-2014/Hometown-Retail-Report-Where-to-Shop-in-Boston
https://www.truefit.com/Blog/April-2015/Top-Ways-Retailers-are-Defining-Personalization
https://www.truefit.com/Blog/March-2016/Get-Psyched-for-Sunny-Days-Spring-Ready-Styles
https://www.truefit.com/Blog/July-2015/Join-True-Fit-at-eTail-East-Summit-2015,-Boston
https://www.truefit.com/Blog/January-2017-(1)/New-Year-New-You-Look-Good-While-Working-Out
https://www.truefit.com/Blog/March-2016/Putting-Jeans-on-the-Innovation-Map-with-Levi’s
https://www.truefit.com/Blog/February-2014/Menswear-Report-Spring-shirts-for-any-occasion
https://www.truefit.com/Blog/March-2017/March-Madness-Athletic-Leggings
https://www.truefit.com/Blog/December-2014/True-Tips-Score-Big-Online-This-Holiday-Season
https://www.truefit.com/Blog/March-2015/A-Look-Back-at-Fashion-Women-Designer-Herstory
https://www.truefit.com/Blog/September-2014/Hello,-Fall!-Dress-for-the-Season,-Head-to-Toe
https://www.truefit.com/Blog/September-2015/Tech-Trends-to-Watch-On-and-Off-the-NYFW-Runway
https://www.truefit.com/Blog/March-2015/True-Stories-Nikki-Lund-of-Nikki-Rich-Clothing
https://www.truefit.com/Blog/June-2015/Solstice-Style-Hot-Looks-for-Warm-Days-to-Come
https://www.truefit.com/Blog/March-2015/Spring-Fashion-Fever-Floral-Styles-to-Wear-Now
https://www.truefit.com/Blog/October-2017-(1)/Get-Comfortable-this-Fall-with-Lands-End-and-True
https://www.truefit.com/Blog/February-2017/Putting-Boston-on-the-Map-as-a-Retail-Tech-Hub
https://www.truefit.com/Blog/January-2014/Making-E-Commerce-Work-in-our-Omni-Channel-Age
https://www.truefit.com/Blog/May-2015/Spring-2015-Fashion-Trends-–-the-Google-Report
https://www.truefit.com/en/wp-state-of-returns
https://www.truefit.com/Blog/March-2017/Women-in-Fashion-Influential-Female-Designers
https://www.truefit.com/Blog/July-2017-(1)/True-Impact-High-Tech-for-High-Street
https://www.truefit.com/Blog/May-2015/Memorial-Day-Musts-What-to-Wear-this-Weekend
https://www.truefit.com/Blog/November-2015/Highlights-from-kate-spade’s-Q3-Earnings-Call
https://www.truefit.com/Blog/April-2014/Happy-Earth-Day!-How-Fashion-Stays-Sustainable
https://www.truefit.com/Blog/July-2015/Mobile-Shopping-the-Consumer-Decision-Journey
https://www.truefit.com/Blog/June-2014/High-Fashion,-Low-Budget-Save-on-Online-Finds
https://www.truefit.com/Blog/January-2016/Luxe-Loungewear-Our-Favorite-Athleisure-Looks
https://www.truefit.com/Blog/June-2016/Studio-Ready-Styles-for-International-Yoga-Day
https://www.truefit.com/Blog/June-2015/Red-Carpet-Recap-The-2015-CFDA-Fashion-Awards
https://www.truefit.com/Blog/July-2016/Gone-Glamping-Glam-Styles-To-Get-Your-Camp-On
https://www.truefit.com/Blog/September-2014/Meet-Us-in-Seattle-Shop-org-Summit-is-Upon-Us
https://www.truefit.com/Blog/May-2016/True-Fit-Named-Cool-Vendor”-in-Gartner-Report-(1)
https://www.truefit.com/wp-state-of-returns
https://www.truefit.com/Blog/November-2016/Straight-from-the-Runway-Data-Tech-Deliver-Fast
https://www.truefit.com/Blog/June-2017/Celebrate-the-4th-with-Iconic-American-Fashion
https://www.truefit.com/Blog/March-2014/Here-Come-the-Weddings-What-Will-You-Wear
https://www.truefit.com/Blog/September-2017/NYFW-Recap-Sporty,-Sparkly-and-Ready-to-Wear
https://www.truefit.com/Blog/December-2015/Faux-Real-Our-Favorite-Ways-to-Rock-Faux-Fur
https://www.truefit.com/Blog/October-2015/Shop-org-Special-Edition-2-0-Were-You-There
https://www.truefit.com/Blog/July-2016/Pack-Smart,-Enjoy-Summer-Weekend-Getaway-101
https://www.truefit.com/Blog/October-2013/True-Fit-s-Retailer-Reboot-at-Fashion-Digital
https://www.truefit.com/Blog/February-2017/I-3-Series-Red-Looks-for-Heart-Health-Month
https://www.truefit.com/Blog/May-2016/Celebrate-Memorial-Day-in-Summer-s-Top-Trends
https://www.truefit.com/Blog/April-2016/Marathon-Season-Sideline-Styles-for-Race-Day
https://www.truefit.com/Blog/March-2017/The-State-of-Retail’s-Digital-Transformation
https://www.truefit.com/Blog/December-2013/Tis-the-Season-to-Get-What-You-(Really)-Want
https://www.truefit.com/Blog/November-2014/Weather-Beating-Styles-for-Cold-November-Rain
https://www.truefit.com/Blog/February-2016/True-Fit-Enjoys-a-Successful-2016-eTail-West
https://www.truefit.com/Blog/May-2017-(1)/Data-Collection-with-True-Fit-s-Mumbai-Team
https://www.truefit.com/Blog/June-2014/School-s-(Almost)-Out!-Summer-Vacation-Style
https://www.truefit.com/Blog/November-2014/Sneak-Peak-Sleek-Sneakers-to-Get-you-Moving
https://www.truefit.com/Blog/December-2013/True-Fit-Featured-in-the-Wall-Street-Journal
https://www.truefit.com/Blog/August-2016/Hello,-Rio!-Let-the-2016-Olympic-Games-Begin
https://www.truefit.com/Blog/April-2015/Spring-Footwear-Update-Give-Winter-the-Boot
https://www.truefit.com/Blog/October-2016/DIY-True-Fit-Halloween-Costumes-Last-Minute
https://www.truefit.com/Blog/June-2016/E-Influence-Digital’s-Role-in-Offline-Sales
https://www.truefit.com/Blog/January-2015/Check-out-The-2015-Big-Show-Recap-on-Storify
https://www.truefit.com/Blog/May-2016/Make-Her-Day-Handpicked-Gifts-for-Every-Mom
https://www.truefit.com/Blog/September-2015/True-Stories-Christi-Servera-of-Living-Doll
https://www.truefit.com/Blog/August-2014/Join-True-Fit-at-Shop-org-2014,-Booth-2901
https://www.truefit.com/Blog/December-2016/Cyber-Weekend-Record-Breaking-Sales-Stats
https://www.truefit.com/Blog/August-2016/The-Distinct-Shopping-Habits-of-Millennials
https://www.truefit.com/Blog/April-2015/House-of-Fraser-Enjoys-Massive-Online-Growth
https://www.truefit.com/Blog/April-2015/Spring-Shoe-Report-Pairs-to-Wear-Everywhere
https://www.truefit.com/Blog/March-2016/Spring-Break-Looks-Everything-Under-the-Sun
https://www.truefit.com/Blog/August-2014/Happy-Labor-Day!-Last-Call-for-Summer-Whites
https://www.truefit.com/Blog/October-2015/True-Stories-Robert-Godley-of-Psycho-Bunny
https://www.truefit.com/Blog/February-2016/From-Geek-to-Chic-The-Classic-Sweater-Vest
https://www.truefit.com/Blog/May-2014/Fashion-Tech-Discussions-at-Decoded-Fashion
https://www.truefit.com/Blog/March-2016/Mapping-Menswear-at-WWD’s-Men’s-Wear-Summit
https://www.truefit.com/Blog/July-2015/Vested-Interest-Pre-Fall-s-Must-Wear-Layer
https://www.truefit.com/Blog/October-2014/Haute-Halloween-High-Fashion-Costume-Ideas
https://www.truefit.com/Blog/September-2015/Wearable-Technology-The-Future-of-Fashion
https://www.truefit.com/Blog/February-2015/Island-Style-What-to-Pack-for-Your-Getaway
https://www.truefit.com/Blog/June-2017/Know-Your-Shopper-Stella-the-Style-Sampler
https://www.truefit.com/Blog/February-2015/Winter-Wrap-Up-Buy-Now,-Wear-Now,-Save-Now
https://www.truefit.com/Blog/October-2016/DIY-True-Fit-Halloween-Costumes-Throwbacks
https://www.truefit.com/Blog/July-2015/True-Stories-Alisha-Lager-of-Buffalo-Jeans
https://www.truefit.com/Blog/July-2015/Star-Spangled-Style-Independence-Day-Looks
https://www.truefit.com/Blog/March-2017/True-Fit-Among-Boston’s-Best-Companies-Hiring
https://www.truefit.com/Blog/January-2015/New-Year,-New-Hue-2015-s-Must-Wear-Colors
https://www.truefit.com/Blog/June-2016/A-Fitting-Father-s-Day-Great-Gifts-for-Dad
https://www.truefit.com/Blog/September-2015/In-Stitches-Fall-s-Crafty-Embroidery-Trend
https://www.truefit.com/Blog/August-2016/Skip-the-Dress-Rehearsal-with-Kenneth-Cole
https://www.truefit.com/en/Blog/October-2016/DIY-True-Fit-Halloween-Costumes-Throwbacks
https://www.truefit.com/Blog/February-2016/NYFW-FW16-Our-Favorite-Designers-Trends
https://www.truefit.com/Blog/May-2016/Cannes-Film-Festival-2016-Red-Carpet-Looks
https://www.truefit.com/Blog/August-2015/The-Denim-Skirt-A-Summer-to-Fall-Favorite
https://www.truefit.com/Blog/February-2016/Loveable-Looks-For-Valentine-s-Day-Weekend
https://www.truefit.com/Blog/February-2014/Looks-You-ll-Love-Valentine-s-Day-Edition
https://www.truefit.com/Blog/November-2014/Turkey-Day-Style-Feast-Worthy-Style-Picks
https://www.truefit.com/Blog/November-2016/Post-Cyber-Monday-Sales-Shopping-Trends
https://www.truefit.com/Blog/March-2014/Shine-On-March-13-is-National-Jewel-Day!
https://www.truefit.com/Blog/April-2016/Tax-Time-Splurges-to-Spend-Your-Return-On
https://www.truefit.com/Blog/March-2015/April-Showers-Spring-s-Must-Have-Rainwear
https://www.truefit.com/Blog/March-2016/Award-Season-Looks-We-Loved-at-the-Oscars
https://www.truefit.com/Blog/December-2013/True-Tips-Online-Gift-Shopping-Made-Easy
https://www.truefit.com/Blog/March-2015/eTail-West,-Palm-Springs-Were-You-There
https://www.truefit.com/Blog/January-2015/Sleep-Style-Cozy-PJs-to-Warm-your-Winter
https://www.truefit.com/Blog/October-2016/DIY-True-Fit-Halloween-Costumes-Classics
https://www.truefit.com/Blog/June-2017/Know-Your-Shopper-Sara-the-Size-Sampler
https://www.truefit.com/Blog/September-2016/TFIslandParty-Enjoying-the-Dog-Days-of-Summer
https://www.truefit.com/Blog/October-2014/Shop-org-Special-Edition-Were-You-There
https://www.truefit.com/Blog/June-2014/Pop-In-or-Pop-Up-Innovative-Store-Models
https://www.truefit.com/Blog/July-2014/Keeping-Up-With-Fashion-–-On-Social-Media
https://www.truefit.com/Blog/March-2017/True-Fit-Heads-to-Vegas-for-Shoptalk-2017
https://www.truefit.com/Blog/December-2014/True-Stories-Kimberley-Gordon-of-Wildfox
https://www.truefit.com/Blog/July-2016/Fit-for-Fashion-Not-Your-Average-T-Shirt
https://www.truefit.com/Blog/January-2015/True-Stories-Rodd-Gunn-s-John-Prikryl
https://www.truefit.com/Blog/August-2016/Real-Simple-Magazine-Takes-a-Look-at-Size
https://www.truefit.com/Blog/November-2016/Fashionista-Investigates-Holiday-Returns
https://www.truefit.com/Blog/February-2014/A-Fashion-Forward-Look-Back-at-NYFW-F-W14
https://www.truefit.com/Blog/September-2016/Understanding-Different-Consumer-Personas
https://www.truefit.com/Blog/November-2013/Fit-Pins-Check-out-True-Fit-on-Pinterest
https://www.truefit.com/Blog/September-2016/Touchdown!-Cozy-Looks-for-Football-Season
https://www.truefit.com/Blog/March-2014/True-Stories-Dorian-Lightbown-of-NIC-ZOE
https://www.truefit.com/en/Blog/October-2016/DIY-True-Fit-Halloween-Costumes-Classics
https://www.truefit.com/Blog/October-2016/Think-Pink-Breast-Cancer-Awareness-Month
https://www.truefit.com/Blog/November-2013/True-Fit-and-Stylitics-at-Decoded-Fashion
https://www.truefit.com/Blog/February-2017/I-3-Series-Valentine-s-Day-Dinner-Looks
https://www.truefit.com/Blog/December-2013/Holiday-Party-Fit-Picks,-Menswear-Edition
https://www.truefit.com/Blog/December-2016/True-Stories-Velvet-by-Graham-Spencer
https://www.truefit.com/Blog/January-2016/Fit-to-Win-The-Golden-Globes-Red-Carpet
https://www.truefit.com/Blog/November-2013/Fashion-to-Follow-Style-on-Social-Media
https://www.truefit.com/Blog/July-2014/Dress-for-Success-–-Whatever-the-Weather
https://www.truefit.com/Blog/June-2016/Hot-Days-Ahead-Sunny-Hues-for-Him-Her
https://www.truefit.com/Blog/February-2014/Retail-Report-Tools-Savvy-Shoppers-Love
https://www.truefit.com/Blog/January-2017-(1)/That’s-a-Wrap,-NRF17!
https://www.truefit.com/Blog/August-2017/Fit-for-Fall-Western-Inspired-Americana
https://www.truefit.com/Blog/February-2017/Racked-Explores-the-Evolution-of-Sizing
https://www.truefit.com/Blog/June-2016/TuesdayShoesday-Strappy-Summer-Sandals
https://www.truefit.com/Blog/October-2016/DIY-True-Fit-Halloween-Costumes-Couples
https://www.truefit.com/Blog/February-2015/More-from-New-York-F-W15-Runway-Report
https://www.truefit.com/Blog/March-2014/Eau-de-Style-Fashion-Forward-Fragrances
https://www.truefit.com/Blog/October-2016/TBD
https://www.truefit.com/Blog/November-2016/Join-the-HOKA-ONE-ONE-Running-Revolution
https://www.truefit.com/Blog/July-2016/Bastille-Day-Celebrating-French-Fashion
https://www.truefit.com/Blog/May-2014/Trying-Fit-on-for-Size-–-with-Technology
https://www.truefit.com/en/Blog/October-2016/DIY-True-Fit-Halloween-Costumes-Couples
https://www.truefit.com/Blog/January-2015/Know-Your-Labels-Pendleton-Woolen-Mills
https://www.truefit.com/Blog/March-2014/True-Stories-Erica-Kim-of-Lush-Clothing
https://www.truefit.com/Blog/January-2017-(1)/Winter-Wonderland-Part-1-On-the-Slopes
https://www.truefit.com/Blog/April-2015/Beyond-Boho-Festival-Fashion-that-Fits
https://www.truefit.com/Blog/January-2016/5-Ways-to-Wear-the-Classic-Plaid-Shirt
https://www.truefit.com/Blog/November-2013/True-Love-What-They-re-Saying-About-Us
https://www.truefit.com/Blog/May-2015/Small-Retailers-We-Love-Boston-Edition
https://www.truefit.com/Blog/July-2014/Shopping-Report-Must-Try-Summer-Trends
https://www.truefit.com/Blog/February-2015/Go-For-the-Gold-Shoes-that-Truly-Shine
https://www.truefit.com/Blog/July-2017-(1)/Hot-Dog!-Cool-looks-for-summer-BBQs
https://www.truefit.com/Blog/March-2017/March-Madness-High-Tops
https://www.truefit.com/Blog/July-2015/Round-Two-at-Retail’s-Retreat-Disrupt
https://www.truefit.com/Blog/June-2014/How-to-Get-Fitted-in-60-Seconds-Or-Less
https://www.truefit.com/Partners/Retail-Clients
https://www.truefit.com/Blog/January-2014/Plan-(and-pack-for)-Your-Winter-Getaway
https://www.truefit.com/Blog/August-2015/TuesdayShoesday-Fall-Footwear-Fashion
https://www.truefit.com/Blog/January-2015/Top-E-commerce-Trends-to-Expect-in-2015
https://www.truefit.com/Blog/November-2016/Pre-Cyber-Monday-Sales-Predictions
https://www.truefit.com/Blog/July-2014/Unlocking-Ecommerce-at-GrowFashion-NYC
https://www.truefit.com/Blog/July-2014/It-s-the-Little-(and-Oversized)-Things
https://www.truefit.com/Blog/May-2014/Consumer-Reports’-Favorite-is-True-Fit
https://www.truefit.com/Blog/March-2015/The-Global-Menswear-Market-at-a-Glance
https://www.truefit.com/Blog/December-2013/Find-Perfect-Party-Looks-with-True-Fit
https://www.truefit.com/Blog/November-2014/The-Global-Footwear-Market-at-a-Glance
https://www.truefit.com/Blog/January-2017-(1)/Winter-Wonderland-Part-3-Winter-White
https://www.truefit.com/Blog/October-2013/Beyond-Fit-What-s-New-in-Fashion-Tech
https://www.truefit.com/Blog/March-2015/Why-Wait-Trends-from-FW15-to-Wear-Now
https://www.truefit.com/Blog/May-2016/Far-From-Small-Talk”-at-Shoptalk-2016
https://www.truefit.com/Blog/December-2014/True-Stories-HART-Denim’s-Teresa-Sung
https://www.truefit.com/e-influence
https://www.truefit.com/Blog/January-2014/Find-Your-Staples-Deep-Winter-Edition
https://www.truefit.com/products/discovery-engine
https://www.truefit.com/Products/Discovery-Engine
https://www.truefit.com/Blog/July-2017-(1)/The-Future-Looks-Bot-Filled-and-Bright
https://www.truefit.com/Blog/April-2014/Now-Fitting-All-Categories-at-Belk-com
https://www.truefit.com/Blog/February-2016/On-Target-Outerwear-The-Bomber-Jacket
https://www.truefit.com/Blog/June-2015/Shady-Style-How-to-Wear-Summer-Black
http://www.truefit.com/products/discovery-engine/
https://www.truefit.com/Blog/December-2016/IEEE-Women-in-Engineering-Forum-Recap
https://www.truefit.com/Blog/June-2014/Know-Your-Labels-Kate-Spade-New-York
https://www.truefit.com/Blog/September-2014/Color-Me-Autumnal-Fall-Looks-We-Love
https://www.truefit.com/Blog/July-2017-(1)/Women-s-Wear-Daily-on-Shop-For-Others
https://www.truefit.com/Blog/March-2015/The-Sportswear-Revolution-at-a-Glance
https://www.truefit.com/Blog/May-2017-(1)/State-of-Returns,-Part-1-The-Data
https://www.truefit.com/Blog/March-2014/Read-all-about-it-True-Fit-in-Forbes
https://www.truefit.com/Blog/September-2016/Top-Trends-from-New-York-Fashion-Week
https://www.truefit.com/Blog/August-2017/Back-to-School-Smart-Looks-that-Fit
https://www.truefit.com/Blog/December-2015/Discover-Your-True-Fit-with-Cole-Haan
https://www.truefit.com/Blog/August-2014/Fall-Fashion-Report-Denim-Directions
https://www.truefit.com/Blog/June-2016/Fashion,-Meet-Function-Wearable-Tech
https://www.truefit.com/Blog/September-2015/Perfect-Your-Work-To-Weekend-Wardrobe
https://www.truefit.com/Blog/February-2016/Know-Your-Labels-Alternative-Apparel
https://www.truefit.com/Blog/December-2013/Happy-True-Year-A-Fitting-Resolution
https://www.truefit.com/Blog/October-2015/Rock-it-Dress-Up-with-Graphics-Tees
https://www.truefit.com/Blog/January-2017-(1)/True-Life-Rolling-Into-the-New-Year
https://www.truefit.com/Blog/January-2015/Getting-Warmer-Spring-Style-Preview
https://www.truefit.com/about-us/careers
https://www.truefit.com/Blog/August-2016/Summer-Games-Opening-Ceremony-Style
https://www.truefit.com/Blog/January-2015/White-Out-Winter-Whites-to-Wear-Now
https://www.truefit.com/resources/The-Future-of-Personalization-Series
https://www.truefit.com/en/Resources/The-Future-of-Personalization-Series
https://www.truefit.com/Blog/February-2015/70s-the-Word-We-Love-Wide-Leg-Jeans
https://www.truefit.com/About-Us/Careers
https://www.truefit.com/Resources/The-Future-of-Personalization-Series
https://www.truefit.com/Personalization
https://www.truefit.com/Blog/October-2014/True-Fit-Night-Out-CityAndSandTour
https://www.truefit.com/Blog/January-2016/Know-Your-Labels-KUT-from-the-Kloth
https://www.truefit.com/Blog/August-2014/Fall-Fashion-Top-Trends-to-Shop-Now
https://www.truefit.com/Blog/December-2013/Last-Minute-Gift-Ideas-from-True-Fit
https://www.truefit.com/resources/the-future-of-personalization/
https://www.truefit.com/Blog/June-2017/Retail-Tech-–-the-tip-of-the-iceberg
https://www.truefit.com/Blog/July-2014/Fash-Inspiration,-Beach-Read-Edition
https://www.truefit.com/Blog/May-2016/Drapers-Digital-Forum-2016-in-Review
https://www.truefit.com/Blog/May-2015/Spring-Essential-Lightweight-Layers
https://www.truefit.com/Blog/August-2016/Back-to-School-College-Dorm-Must-Haves
https://www.truefit.com/Blog/April-2016/Pre-Spring-2016-Resort-to-Real-Life
https://www.truefit.com/Blog/January-2014/Retail-Resolutions-for-the-New-Year
https://www.truefit.com/Blog/December-2013/The-Most-Wonderful-Time-of-the-Year
https://www.truefit.com/Blog/March-2015/Texas-Bound!-True-Fit-Heads-to-SXSW
https://www.truefit.com/Blog/February-2014/Fall-Winter-2014-Styles,-Right-Now!
https://www.truefit.com/Blog/February-2017/The-Rise-of-Cross-Border-E-Commerce
https://www.truefit.com/Blog/July-2016/Pinterest’s-Role-in-Online-Shopping
https://www.truefit.com/Blog/March-2016/Runway-Round-Up-Trends-to-Wear-Now
https://www.truefit.com/Blog/July-2016/Happy-Anniversary-to-You,-Nordstrom
https://www.truefit.com/Blog/June-2016/Walking-the-Talk-at-WWD’s-FN-Summit
https://www.truefit.com/Blog/June-2015/Top-100-Most-Valuable-Global-Brands
https://www.truefit.com/Blog/April-2015/Pretty-in-Pastel-Your-Sunday-Best
https://www.truefit.com/Blog/October-2013/FIT-PICKS-Fall-Fashion,-Right-Now
https://www.truefit.com/en/Blog/October-2016/Artificial-Intelligence-in-Retail
https://www.truefit.com/Blog/April-2016/The-Mobile-First-Trend-in-Retail
https://www.truefit.com/Blog/October-2016/Artificial-Intelligence-in-Retail
https://www.truefit.com/Blog/April-2016/April-Showers-Rain-Gear-That-Fits
https://www.truefit.com/Blog/October-2015/Know-Your-Labels-Alice-and-Olivia
https://www.truefit.com/Blog/March-2016/What-NOT-To-Miss-At-SXSW-This-Year
https://www.truefit.com/Blog/December-2014/Start-2015-off-with-a-Bit-of-Glitz
https://www.truefit.com/Blog/January-2016/True-Love-The-Perfect-Shirt-Dress
https://www.truefit.com/Blog/October-2014/Miranda-Kerr-for-7-for-All-Mankind
https://www.truefit.com/Blog/November-2013/Shop-Like-a-Pro-with-True-Fit-Tips
https://www.truefit.com/Blog/August-2017/True-Fit-Gears-Up-For-DMEXCO-2017-(1)
https://www.truefit.com/Blog/December-2016/The-Future-of-Retail-is…in-Space
https://www.truefit.com/Blog/April-2015/Millennial-Shoppers-Who-Are-They
https://www.truefit.com/Blog/May-2016/TuesdayShoesday-Floral-Footwear
https://www.truefit.com/Blog/July-2016/Know-Your-Labels-Jessica-Simpson
https://www.truefit.com/Blog/November-2014/True-Fit-Welcomes-Lilly-Pulitzer
https://www.truefit.com/Blog/April-2016/True-Love-Off-The-Shoulder-Looks
https://www.truefit.com/Blog/February-2014/Dress-to-Impress-Spring-Edition
https://www.truefit.com/Blog/January-2016/Our-Favorite-Fashion-at-CES-2016
https://www.truefit.com/Blog/July-2014/Know-Your-Labels-Tommy-Hilfiger
https://www.truefit.com/Blog/September-2016/When-Does-Fit-Equal-Opportunity-”
https://www.truefit.com/Blog/November-2013/Happy-Thanksgiving-from-True-Fit
https://www.truefit.com/Blog/October-2016/Know-Your-Labels-Tommy-Hilfiger
https://www.truefit.com/Blog/February-2014/New-York-Fashion-Week-Kicks-Off!
https://www.truefit.com/Blog/February-2015/Global-Denim-Market-at-a-Glance
https://www.truefit.com/products/omni
https://www.truefit.com/Blog/March-2014/The-Globalization-of-E-Commerce
https://www.truefit.com/Blog/January-2014/Spring-s-on-its-way-(we-swear!)
https://www.truefit.com/Products/True-OMNI
https://www.truefit.com/Blog/November-2013/Genius-Jeans-7-For-All-Mankind
https://www.truefit.com/Blog/March-2017/Know-Your-Labels-Almost-Famous
https://www.truefit.com/Partners/Brand-Data-Partners
https://www.truefit.com/Blog/January-2015/Retail-is-Mobile-Minded-in-2015
https://www.truefit.com/Blog/May-2014/Red-Carpet-Report-The-Met-Gala
https://www.truefit.com/Blog/October-2016/Cozy-Up-Layered-Looks-for-Fall
https://www.truefit.com/Blog/August-2015/Top-Trends-from-eTail-East-2015
https://www.truefit.com/Blog/February-2015/Runway-Report-Fall-Winter-2015
https://www.truefit.com/Blog/January-2015/A-Fitting-Tribute-Vince-Camuto
https://www.truefit.com/Blog/August-2015/Now-Trending-Fall-Denim-Report
https://www.truefit.com/Blog/October-2015/Orange-You-Glad-It-s-Halloween
https://www.truefit.com/Blog/November-2016/True-Fit-Holiday-Gift-Guide
https://www.truefit.com/Blog/March-2016/Know-Your-Labels-Eileen-Fisher
https://www.truefit.com/Blog/September-2016/Whitepaper-True-One-On-One-Personalization-for
https://www.truefit.com/Blog/July-2015/TuesdayShoesday-Summer-Flats
https://www.truefit.com/Blog/January-2017-(1)/BIG”-Things-Happening-in-2017
https://www.truefit.com/Blog/January-2017-(1)/BIG%E2%80%9D-Things-Happening-in-2017
https://www.truefit.com/Blog/October-2014/Don-t-Miss-Boston-Fashion-Week
https://www.truefit.com/Blog/May-2014/Summer-Style-Menswear-Edition
https://www.truefit.com/Blog/December-2016/WWD-Digital-LA-Recap
https://www.truefit.com/Blog/December-2016/Know-Your-Labels-Canada-Goose
https://www.truefit.com/Blog/August-2015/Know-Your-Labels-Maggy-London
https://www.truefit.com/Blog/December-2016/Functional-Boots-Meet-Fashion
https://www.truefit.com/Blog/June-2016/Solstice-Style-Summer-Fashion
https://www.truefit.com/Blog/September-2016/Know-Your-Labels-Betsy-Adam
https://www.truefit.com/Blog/February-2016/Denim-From-Runway-to-Your-Way
https://www.truefit.com/Blog/July-2014/Work-it-Out-Fit-Chic-Fashion
https://www.truefit.com/whitepaper-building-reliable-tests
https://www.truefit.com/Blog/February-2015/Where-Is-True-Fit-Headed-Next
https://www.truefit.com/Blog/September-2016/Join-True-Fit-at-Shop-org-2016
https://www.truefit.com/Blog/May-2015/Know-Your-Labels-Tommy-Bahama
https://www.truefit.com/Blog/January-2015/E-commerce-Economy-in-the-Snow
https://www.truefit.com/Blog/October-2014/True-Fit-Fashion-Digital-Recap
https://www.truefit.com/Blog/February-2017/Know-Your-Labels-Lucky-Brand
https://www.truefit.com/Blog/October-2014/Know-Your-Labels-Free-People
https://www.truefit.com/Blog/August-2014/True-Fit-Welcomes-Phase-Eight
https://www.truefit.com/Blog/November-2016/Shop-org-2016-Runway-Gallery
https://www.truefit.com/Blog/May-2016/Spring-Greens-Emerald-Army
https://www.truefit.com/Blog/February-2017/NYFW-Recap-The-Shows-So-Far
https://www.truefit.com/Blog/October-2015/True-Stories-Alexander-Simai
https://www.truefit.com/Blog/November-2014/TRUE-STORIES-Helen-McAlinden
https://www.truefit.com/Blog/October-2016/A-Look-Back-at-Shop-org-2016
https://www.truefit.com/Blog/January-2014/Learn-to-Accessorize-The-Bag
https://www.truefit.com/Blog/July-2016/Anchors-Away!-Nautical-Looks
https://www.truefit.com/Blog/November-2013/Check-Out-True-Fit-on-FOX-25
https://www.truefit.com/Blog/September-2016/Looks-from-the-SS17-Runways-London-Milan
https://www.truefit.com/Blog/September-2015/Know-Your-Labels-Rachel-Zoe
https://www.truefit.com/Blog/April-2015/Find-Your-True-Fit-at-Uniqlo
https://www.truefit.com/Blog/October-2015/TuesdayShoesday-Snow-Boots
https://www.truefit.com/Blog/April-2015/Know-Your-Labels-Anne-Klein
https://www.truefit.com/Blog/November-2016/Sweater-Weather-Has-Arrived!
https://www.truefit.com/Blog/November-2013/Haute-Holiday-Looks-for-Less
https://www.truefit.com/Blog/June-2017/Cozy-Cool-UGGs-for-Summer
https://www.truefit.com/Blog/March-2014/Know-Your-Labels-Tory-Burch
https://www.truefit.com/Blog/November-2015/Know-Your-Labels-DKNY-Jeans
https://www.truefit.com/Blog/February-2016/TuesdayShoesday-Platforms
https://www.truefit.com/Blog/February-2014/How-to-Get-Fitted-Instantly
https://www.truefit.com/Blog/June-2014/How-to-Get-Fitted-Instantly
https://www.truefit.com/Blog/August-2016/Introducing-Macy’s-New-Look
https://www.truefit.com/Blog/August-2016/Know-Your-Labels-Sean-John
https://www.truefit.com/Blog/March-2017/It’s-Time-to-Escape-Winter…
https://www.truefit.com/Blog/October-2015/Fall-Trend-Clashing-Prints
https://www.truefit.com/Blog/January-2017-(1)/True-Stories-Arc-teryx
https://www.truefit.com/Blog/February-2017/I-3-Series-Red-Hot-Shoes
https://www.truefit.com/Blog/June-2016/Psychology-Behind-Shopping
https://www.truefit.com/Blog/March-2014/Famous-Fits-2014-Oscars
https://www.truefit.com/Blog/September-2015/TuesdayShoesday-Lace-Ups
https://www.truefit.com/Blog/June-2016/Know-Your-Labels-Rafaella
https://www.truefit.com/Blog/May-2016/Know-Your-Labels-Splendid
https://www.truefit.com/Blog/March-2016/True-Love-Hoodie-Dresses
https://www.truefit.com/Blog/November-2016/Reboot-for-The-New-Season
https://www.truefit.com/Blog/June-2015/Know-Your-Labels-Bonobos
https://www.truefit.com/Blog/March-2017/Menswear-Shirts-for-Women
https://www.truefit.com/Blog/April-2016/Know-Your-Labels-Eliza-J
https://www.truefit.com/Blog/November-2014/True-Happenings-at-Macy’s
https://www.truefit.com/Blog/April-2017/True-Love-Spring-Sandals
https://www.truefit.com/Blog/November-2015/TuesdayShoesday-Loafers
https://www.truefit.com/Blog/March-2015/Spring-Styles-to-Wear-Now
https://www.truefit.com/Blog/March-2015/Know-Your-Labels-Therapy
https://www.truefit.com/Blog/February-2014/More-Must-Haves-from-NYFW
https://www.truefit.com/Blog/January-2016/TuesdayShoesday-Booties
https://www.truefit.com/Blog/April-2017/Find-Your-True-Fit-at-DSW
https://www.truefit.com/Blog/September-2016/True-Love-Denim-Jackets
https://www.truefit.com/Blog/March-2017/True-Love-Shade-of-Tan
https://www.truefit.com/Blog/January-2017-(1)/True-Love-Statement-Fur
https://www.truefit.com/Blog/January-2014/Fashion-s-Year-in-Review
https://www.truefit.com/Blog/April-2015/Spring-2015-Color-Report
https://www.truefit.com/Blog/March-2016/The-Future-of-the-Runway
https://www.truefit.com/Blog/August-2014/Get-To-Know-Your-Shopper
https://www.truefit.com/Blog/March-2015/True-Love-The-Jumpsuit
https://www.truefit.com/Blog/November-2014/Know-Your-Labels-Milly
https://www.truefit.com/Blog/December-2014/Know-Your-Labels-Joie
https://www.truefit.com/Blog/November-2013/Genius-Jeans-from-Joe-s
https://www.truefit.com/Blog/September-2016/TuesdayShoesday-Mules
https://www.truefit.com/Blog/July-2015/Now-Fitting-Salomon-EU
https://www.truefit.com/Blog/July-2016/Science-is-your-servant
https://www.truefit.com/Blog/November-2013/Eat,-Drink-Be-Stylish
https://www.truefit.com/Blog/December-2015/True-Love-The-Cardigan
https://www.truefit.com/Blog/January-2016/Know-Your-Labels-Tibi
https://www.truefit.com/Blog/December-2015/Know-Your-Labels-TOMS
https://www.truefit.com/Blog/October-2013/True-Fit-Hits-Shop-org
https://www.truefit.com/Blog/March-2017/True-to-You-2017-Video
https://www.truefit.com/Blog/March-2017/eTail-West-2017-Recap
https://www.truefit.com/Blog/January-2014/Fall-Menswear-Preview
https://www.truefit.com/Blog/September-2015/True-Love-The-Tunic
https://www.truefit.com/Blog/February-2014/Must-Haves-from-NYFW
https://www.truefit.com/Blog/November-2016/Outerwear
https://www.truefit.com/Blog/October-2015/Trend-Alert-Ruffles
https://www.truefit.com/Blog/December-2014/A-True-Holiday-Wish
https://www.truefit.com/Blog/December-2016/Holiday-Dress-Guide
https://www.truefit.com/Blog/December-2014/2014-Year-in-Review
https://www.truefit.com/Blog/February-2015/E-commerce-Check-In
https://www.truefit.com/Blog/October-2016/dm-exco-recap
https://www.truefit.com/Blog/June-2015/True-Love-Crochet
https://www.truefit.com/Blog/February-2015/FashTech-NYC-Recap
https://www.truefit.com/Blog/August-2015/True-Love-Leather
https://www.truefit.com/Blog/May-2015/True-Love-Fringe
https://www.truefit.com/Blog/December-2013/Get-Out-and-Shop!
https://www.truefit.com/Blog/November-2015/True-Love-Suede
https://www.truefit.com/en/True-to-You-2017
https://www.truefit.com/True-to-You-2017
https://www.truefit.com/Blog/February-2014/Plan-Your-Escape
https://www.truefit.com/Blog/January-2014/Dress-to-Impress
https://www.truefit.com/Resources/Resource-Center
https://www.truefit.com/Request-Demo
https://www.truefit.com/request-demo
https://www.truefit.com/en/Privacy-Policy
https://www.truefit.com/en/Request-Demo
https://www.truefit.com/privacy-policy
https://www.truefit.com/Blog/February-2015/Runway-Recap
https://www.truefit.com/en/Terms-of-Use
https://www.truefit.com/terms-of-use
https://www.truefit.com/Blog/
https://www.truefit.com/blog
https://www.truefit.com/Blog/January-2014/Fit-Fashion
http://www.truefit.com/about-us/who-we-are/
https://www.truefit.com/About-Us/What-We-Do
https://www.truefit.com/About-Us/Who-We-Are
https://www.truefit.com/about-us/what-we-do
https://www.truefit.com/about-us/who-we-are
http://www.truefit.com/about-us/what-we-do/
https://www.truefit.com/en/About-Us/Contact-Us
https://www.truefit.com/About-Us/Contact-Us
https://www.truefit.com/storify.com/truefit/shoptalk-2016
http://www.truefit.com/about-us/worlds_largest_collection
https://www.truefit.com/storify.com/truefit/demandwarexchange-2016-recap
http://www.truefit.com/partners/retail_partners
https://www.truefit.com/bcbg.com
https://www.truefit.com/{{postSet[11].link}}
https://www.truefit.com/user/findyourtruefit
https://www.truefit.com//www.youtube.com/yt/press/vi/
https://www.truefit.com/channel/UC_ouPKcPUKJvqyMptf8BgiQ
https://www.truefit.com/channel/UCOpNcN46UbXVtpKMrmU4Abg
https://www.truefit.com/testtube
https://www.truefit.com/channel/UCzuqhhs6NWbgTzMuM09WKDQ
https://www.truefit.com/feed/history
https://www.truefit.com//www.youtube.com/upload
https://www.truefit.com/feed/trending
https://www.truefit.com/channel/UCwZ2ZaFfTusqV_MGMHUnEsg
https://www.truefit.com/channel/UCF13N77w2qo8HeoI1uBvCHQ
https://www.truefit.com//www.youtube.com/yt/creators/
https://www.truefit.com//www.youtube.com/yt/advertise/
https://www.truefit.com/channel/UCI2OiZs5aVcyBUBVsgovzng
https://www.truefit.com/channel/UC-9-kyTW8ZkZNDHQJ6FgpwQ
https://www.truefit.com/shop.guess.com/en/Catalog/View/men/denim/regular-straight-jeans-in-drag-chain-wash/MB1AR421KD0
https://www.truefit.com//www.youtube.com/yt/dev/vi/
https://www.truefit.com/channel/UCWJ3GBJGyqhA1RHGH1Rofiw
https://www.truefit.com/channel/UCruaM4824Rr_ry7fsD5Jwag
https://www.truefit.com/channel/UCA3GtNtuKvcj6VrwZ5Gpx9g
https://www.truefit.com//www.youtube.com/yt/copyright/vi/
https://www.truefit.com//www.youtube.com/yt/about/vi/
https://www.truefit.com/channels
https://www.truefit.com/t/terms
http://www.truefit.com/partners/brand_data_partners
https://www.truefit.com//www.youtube.com/yt/policyandsafety/vi/
https://www.truefit.com/channel/UCEgdi0XIXXZ-qJOFPf4JSKw
https://www.truefit.com/{{postSet[10].link}}
https://www.truefit.com/user/doctruyencotich
https://www.truefit.com/{{postSet[1].link}}
https://www.truefit.com/{{postSet[3].link}}
https://www.truefit.com/{{postSet[4].link}}
https://www.truefit.com/{{resource.link}}
http://www.truefit.com/about-us/how_it_works
https://www.truefit.com//storify.com/truefit/the-big-show-recap
https://www.truefit.com/{{postSet[5].link}}
http://www.truefit.com/contact
https://www.truefit.com/{{postSet[0].link}}
https://www.truefit.com/{{postSet[7].link}}
https://www.truefit.com/{{postSet[9].link}}
https://www.truefit.com/{{postSet[2].link}}
https://www.truefit.com/channel/UC4R8DWoMoI7CAwX8_LjQHig
https://www.truefit.com/{{postSet[8].link}}
https://www.truefit.com/RetailMeNot.com
https://www.truefit.com/www.tommybahama.com/TBG/Stores_Restaurants.jsp
https://www.truefit.com/{{postSet[6].link}}
https://www.truefit.com/www.louisboston.com
https://www.truefit.com/TheOutnet.com
https://www.truefit.com/channel/UCYfdidRxbB8Qhf0Nx7ioOYw
https://www.truefit.com/channel/UCf4KUO6QxpVPwgLzaCcupcQ
https://www.truefit.com/wp-future-o"
H2-1,Kontakt zu uns,17,"#
https://www.truefit.com/de/Products/True-Insights
https://www.truefit.com/de/products/genome
https://www.truefit.com/de/Products/Genome
https://www.truefit.com/de/Products/Confidence-Engine
https://www.truefit.com/de/home
https://www.truefit.com/de/Partners/Retail-Clients
https://www.truefit.com/de/Products/Discovery-Engine
https://www.truefit.com/de/About-Us/Careers
https://www.truefit.com/de/Resources/The-Future-of-Personalization-Series
https://www.truefit.com/de/Products/True-OMNI
https://www.truefit.com/de/Partners/Brand-Data-Partners
https://www.truefit.com/de/True-to-You-2017-de
https://www.truefit.com/de/Resources/Resource-Center
https://www.truefit.com/de/Blog/
https://www.truefit.com/de/Blog
https://www.truefit.com/de/About-Us/What-We-Do
https://www.truefit.com/de/About-Us/Who-We-Are"
